market_volatility,sentiment_index,random_noise_feature,stock_return
0.3393790842018407,-0.007665709325793801,90.38771793224359,0.9334172411721339
,-0.3150378443939096,78.81969483839157,-0.9616800379009158
0.620425162019599,0.8088331636455365,76.52297741954604,3.43386515997261
0.5788186233592786,-0.615998880097755,88.35607343119952,-3.644806106418734
0.6361472828865763,0.282983851673597,68.30069141540947,-0.8305313428188819
0.21782135471767372,-0.6038565296857381,52.2703456453361,1.2669155318990872
0.25832783899197964,-0.7241402014496118,53.82896869388231,-0.366869604863464
0.34171164720280467,-0.3867981608655123,80.62621635344,-1.3744302616535344
0.6848135835999078,1.023784134017728,15.306347996542168,-2.1228115814766455
0.57991948319534,0.33296826461052764,72.8065660833789,2.3237597098766214
,0.26998389621858293,8.748523945177833,-0.20013461060502222
,-2.6370197587177784,72.525995745072,-0.9163469974312829
0.16633914708147968,0.25546442161675387,5.220333327059712,3.7868258879509633
0.20431137687563883,-1.3013546831951188,7.183820946783371,0.7444257470999841
0.8773018035401913,3.230608430863217,16.700998728099858,1.6149913715575868
0.42456037135848923,0.2110349743322213,31.897618646771154,-0.7002802738517779
0.9950743345688637,1.0232448507838234,92.71936520039932,-0.1371467494912167
0.4123408163854476,-1.0156986973480047,84.48604014675297,-0.08726218284783738
0.811933100896859,-0.7946110474821735,93.37838633419524,-0.7210386477179738
0.9525794663898492,0.30089396928583745,22.603138307067105,-1.7055492737212412
0.5372894865205904,-1.696160430419246,97.92145157286099,0.25920766230773157
,0.03917876607077898,79.85156665180853,-1.1617775821083751
0.21996444812753035,0.15544768842791884,34.6586108181787,2.4270414018120854
0.2693750547272381,0.08735485286065434,80.93514268043359,-1.1173763344540333
0.9544726893600454,0.9528952429974687,91.86928704985556,0.9175316266273326
,0.5065280007227352,26.76558631333027,-2.9336965853311474
0.9127096121154149,-0.36959276630391474,67.44836705265043,-1.3642726421961158
,0.27403845151713696,99.00052296446322,2.9012043671291563
0.5293995208981382,0.08209308035810034,2.7590057619201858,2.5667226246289943
0.758509231412948,0.0462788424055661,38.5456623273125,-0.14599225363040166
,-0.7029324176066853,95.19751853533374,-1.6367734364995847
0.459081810188427,-0.5363748253198108,48.70006006744675,-2.6251105366370084
0.5788747146588362,-0.4723947556323221,45.24602581004885,3.91587190551306
,2.081368045352935,50.768526405837065,-4.081302303146563
,-0.9277610640658182,32.47234377277154,-0.6643822585895507
0.28840787830309056,-0.6367658813235066,45.75807015758308,0.8137541808134476
,0.7137948120149998,59.31653774562618,2.74008827521451
0.33107560627823185,-0.4526080215580766,26.235137435151668,2.901040545577049
,0.7861426879710894,10.411543631180942,1.5137928037720776
0.3087978292876845,0.12504393791418852,57.23246389442785,-0.8662451760866015
,-0.3634506373645438,95.21725655601692,-0.3353644052248259
0.6167654905447075,1.5117557761198173,7.528218217217397,-0.591211695632516
0.4123772697162982,0.148016828413473,17.806989708994436,2.4175921869742485
0.5242840654280579,0.7979419677147069,0.6146911101209351,-0.21914440299046478
0.16591321660118474,0.4339815151693666,1.1689293510525722,2.6701252370432846
0.5735279487308469,1.8524168886609396,79.80457869646418,-0.06298510990819374
0.9543536978631636,0.17512728466788463,41.44270642415718,1.4726236198009859
0.4527659610808391,-0.3007726243529624,79.30907406654094,-1.3172951901808854
0.12371026859073198,-1.1915062186312846,19.987857861151547,-1.7146149818108347
0.048106799119872035,1.0910458305277901,74.75227274979912,2.1899060695262977
0.07811276440732717,1.3609542337565812,56.39422761384686,3.2064123601890286
0.5562061610186474,-0.2855468768665879,64.03645301128935,3.206380393216044
,0.8276135311672375,29.21135380568135,-5.406619641322933
,2.5010572082716576,42.61044131512094,1.9769617877245036
0.14110507029264552,-1.5902621315684318,14.431278292938131,0.4336704420869353
0.9995845716648742,0.3542763441131316,30.890662895912246,-2.874318361219006
0.3991678443730935,-1.1744534661726567,1.8146454912745913,1.5118208862281421
0.8287066166510797,0.0501982008996003,11.476238391870574,-0.5883671139435649
0.9705992235275172,0.2039022075294847,54.71286111891458,-1.6682593429624037
0.2792983748154845,-1.3306393134652785,30.647681520672222,1.5284850225783067
0.3065729761346221,1.0424375533861983,26.786383876797725,-1.1046253180988832
0.6485825200243256,-1.5014439827273374,1.141607453497273,-3.717177306933656
0.8617512002072707,0.22677617197877478,29.053578607586484,0.04499103541102644
0.9299576838137685,-1.350938418518677,18.715682038380955,-3.3446340962894023
0.8489805053624602,0.006075972956020207,83.31027769031279,0.11225288779774693
0.7157704400423299,2.8041706816298393,74.21553836886348,-1.1387204000599374
,0.9840791863642008,17.379910973349233,0.4273978321906542
0.5938750784297901,1.443324887651949,56.36013706743306,1.4375108529700318
,0.3504907991567997,72.45200640621235,-1.4834224891172008
,1.085118438814051,16.647313791085704,-1.749021507266564
0.8496070308265211,-1.2717126355830657,58.33153721932246,-3.244591694946598
0.16117827323246614,-0.46109697903103175,82.00938209593205,-0.048881728242486634
0.1822985551918782,0.2806458381140281,23.108453591429967,-2.9333848154508346
,-0.9021445920148492,99.09242720720587,0.6836605220596425
,-0.31488344525953726,42.97322624059324,-0.1962606112139079
0.9595672887346589,0.8749628939875194,35.55371989058983,-0.2018379018222097
0.7257887777450482,-1.2327661809970316,84.62333954563105,-2.963800390641468
0.33552056433769684,-0.4080449128301936,6.904468396514463,1.688113988756223
0.10786262252768086,0.28215541751392137,78.83371826596598,0.4437401336537837
0.08590604455939532,1.4829289619720833,25.90222567592233,-4.259941867850782
0.2357158454291426,-0.26162845798264583,6.727949097720476,-0.4636732141026953
0.4741044218910683,-0.1922520867296103,96.23408678976362,3.0822166724153846
0.24313983680341256,-0.45040980455877827,4.57908270754499,-3.0796446224665557
0.4987300775197985,0.9361428166587674,15.778440175959851,1.5049666708826095
0.8824869377377991,-0.20946020214345185,82.22620783233168,-3.5658881584559174
,0.4374859444164188,4.724404484802802,-2.532971772457495
0.6252298380301408,2.6459037053849634,94.37411614012353,2.1915234587941654
0.22639526835043855,-0.0468674624068661,53.478690897058165,1.756591138405286
,0.34553224633036334,95.12114746415962,-2.2190424025401922
,-1.552311879400246,83.66624647896221,-1.5497940237264707
0.49853275246932816,-0.3030986597104081,69.96235407428095,-0.4807384573587101
,-1.049544647257979,64.65204817137112,-0.6563973337343172
,-1.392662571984395,9.183649086870204,-1.9706579608070294
0.5396483162592745,-0.19629252432724872,2.854634300972825,-2.0181985039924757
0.21428105427277244,-0.5464926150247791,40.84416793946117,-2.7393734230076787
0.535927814447505,-0.747168679187402,31.240501984544146,0.04232812286143665
0.21072707962504034,-0.889296391108397,39.33313480964077,2.868960404827372
0.29137614195725514,-0.9846124284411935,4.8311524304777915,-1.8737961752965293
,-1.7464018710029476,4.489337355912426,-1.4919883054994647
0.1340314387486914,-1.2026149158796235,29.12484719344809,0.36955020105315073
0.49230196188640707,-0.029288273003728858,1.208853423023104,-1.8929389147075835
,1.0221935238311461,51.246398118979364,-1.7769171323812736
0.395331764248367,-0.37748262068692967,81.19895029155761,2.142680008448599
,-1.0423249080537422,28.104039951940194,-0.27588110886858436
0.3809217606207296,-1.0021692829048916,98.63274354758009,0.45147517933101367
0.34108468766311273,-1.1365405012000436,13.390086340720364,-2.105873870924668
0.3090424184470266,-0.5794496332918962,96.08074191502604,0.9769059129202108
0.27816848702427943,-0.10683187310901288,32.95651653419147,1.599912432947813
,0.2415145065928844,64.84585217317249,4.724012535335245
,-1.689548549388288,93.80140061727738,0.6913560968799644
,0.4070637930399015,48.19393475415457,2.969042998450622
,0.7174772034204865,86.51593313438968,-3.4742571610188047
0.8902392143256602,-0.26911954603664806,66.6373560146043,-1.6455127188878145
0.07267121903908114,0.06970558171082114,83.5195338541574,-4.125476955068875
0.34333650575451435,1.231266665838191,26.14872321741154,-2.229751993597825
,-1.8012218250935337,61.037835499031544,2.730943503923573
,1.7048198964076162,56.289738555243005,2.445705860238211
0.32747514468253014,-0.553452744317135,59.452660708219874,1.0941444734394086
,0.9480404079922613,33.67555006079738,-3.741830530511499
0.6508091960144884,1.027687682009139,93.12930821269744,-0.9674305949034258
0.33779682641634556,0.8678816694245771,57.962032122240224,-2.3278851529272484
0.6249949905400294,0.050100377436509747,74.53070873961542,2.16139317913565
0.9808751300903931,0.29327979568155516,95.89092782290992,-0.7424718024191878
0.7349497134816895,0.8573672793262103,26.947285410568977,3.3846094638555915
0.35017191117790036,0.3111107544359128,19.449582764221894,-3.112096769587558
0.01265666938824972,-0.6395555770786671,12.897612851778495,-1.8371922659323077
0.4107235085560107,-0.7060281904505998,81.10569043058527,-0.043932335725683135
0.8596988784375548,-1.1958854851891463,32.62302035912187,-0.6806018066312309
0.68285863673901,-2.214305522714662,9.249422181076705,-0.11603452153006882
,0.45558915691821417,66.86702884098898,-0.046053857603465684
0.4632471734895637,1.4634726918648604,53.16062484731585,-1.804428987935546
0.8248808073306373,-2.2818810333405675,4.206220453705589,-2.0901619935457627
,-0.19971280105291908,52.5712337107972,-0.8195241821172731
0.3202085070233809,-1.2760122939361471,20.912335383092216,-0.22974219180102845
0.09912304597127297,-1.3030983424170988,61.227670873453455,-1.1846424876808241
,-0.8573940005361642,55.99899529729302,-0.06951250592725998
0.17047319874651534,0.15294194073934383,42.34591343821382,0.8065430767905939
0.8539665444269926,0.26645616962816937,75.42664137186928,1.6278602906804085
,0.01981848795912203,76.02704727069451,0.8733229178270097
0.017258175300251755,0.21125835401246268,25.954500127097646,3.0409194160465463
0.725110093688275,-0.37654967470297,44.064094580113945,-2.4603769887151548
,-0.34426692105951606,37.031151097890756,3.235575030412708
0.06090588252712448,-0.5190034204287397,43.49775663185718,-0.035273572733270045
0.6774608229628182,1.3623204091510959,35.62738750391242,1.7587304451753867
0.9724248343367957,0.1386371778505609,12.303543267999073,-1.503589674495654
0.8130325062122716,2.5211612267422283,83.15756652367835,1.053478294749073
,0.5785617073740993,44.36381330364204,3.630988469499938
0.6741368446932733,-0.22576724468512488,46.0166439550734,-0.0169556623695871
0.36732348118106084,2.012128073698723,76.19806386270382,-1.0104636797746827
0.16811912687339337,0.032253148883423434,2.9794858915825784,2.779177040958564
0.6173596551227728,0.43648915174332137,18.68428657327398,2.8039075707483403
0.5941418836340718,1.3809933634798657,94.94272873622319,0.8177816016558198
0.9419053200950565,2.9416119197403883,81.98272295452695,0.4880239464161873
0.7858011675522206,1.6000121036739805,88.01891045455264,-3.2708672597897954
0.0445377084478632,-0.382473816843701,38.90827003842547,-1.0358118766435278
0.11698298342263425,-1.5680735993908084,55.71294198721226,2.405206601483389
0.05041501425255468,1.0124884768589621,76.19879300941102,-2.8364579962394396
0.8523450785989309,0.9603163203827498,52.55859960161621,0.11043171764911527
0.49183038033181004,-0.33272352522396226,28.584361081430288,-1.5633563352004396
0.10472159458441088,0.260397883701843,38.077097252394886,-0.2323689086870206
0.6798107634115562,-1.3453117593674864,13.322615934133475,2.4607816751462104
0.5406436369501972,-0.28062593811810527,21.018321898862744,1.663822709091582
0.16710742697919145,1.0506601714027464,74.48453193408365,-0.17500444837048684
0.4441536801278797,-1.0509445705077605,27.85959116797059,-2.7673818020144787
0.45286519350387233,0.47952042819414387,92.80801678135187,1.69274298583014
0.17731668945301882,1.1011374223478383,54.65646016089241,-0.20511201356559064
,-0.24274957709348494,36.06453197024484,1.8274029747610803
0.7500981499857303,-1.005775815823088,74.29062424410459,-2.3889334124231754
,-1.5362587276594466,29.386093741425658,0.04051736419813645
0.1700130723348079,0.8118705894228486,80.4387215176182,1.6040078452603608
0.5817282393879682,0.44579894373994466,43.510574509248976,-2.0772601384521567
,-1.0341076133903855,71.00003434464159,3.3091526661407564
0.02077747021494092,-0.9239062491220977,63.76641955499361,1.279180482579245
,0.04157611874388627,1.6077655069043906,-0.22567922640760993
0.08938338828491077,-0.9968850204155977,28.234351548462488,-0.44967508464069855
0.5262626522416107,-0.35857657979304564,4.044590342254084,0.2526047077574102
,1.1969921232820602,77.04517054234783,-1.5521360493208105
,-1.9075233485052676,34.19480872881788,0.27378549368915456
0.09685614284509514,0.3218977131417356,50.55969085294969,1.1358539529513
,0.08623336520191735,10.74920188375177,-0.012526143643347693
,-0.7107046552316832,47.90307004249205,-0.9752936794606356
,0.2993758026141542,7.846060291197487,1.5593252609291173
,-0.5937105396172947,3.500964527207462,-1.732377460499587
0.8918782185917218,0.5678048640860388,26.854448926697792,4.673641739989812
0.8563890846548953,-0.8789818392010399,28.119000659881323,0.5823419419434951
0.3816910900090936,1.5108567457676538,36.757868817231845,-0.5306499444822805
,-0.6840250953081655,4.55741165076986,2.4665575978217427
0.6151756790196191,1.6217865040893604,2.8074776239916166,0.1742655294335843
0.554694478797629,1.81173658959853,19.99749922141457,1.8916588883304104
,-0.17105369884333185,49.920814894140186,-0.27926435681731376
0.6646290882112019,-0.4937735890428395,55.78626296449538,-0.16742002816543575
,-0.0498450052479167,91.41144898288586,-0.23795178852398308
,1.0775173102561182,16.195188832966334,-0.4443728841316804
,-0.03225830017422608,31.784710488353884,4.102975587323179
,-1.4999207702810153,3.8463243548441883,-3.3020141508791636
0.7764484229563784,-1.351070921604553,68.04873192874017,1.0636946457652248
0.5343910412563482,0.9215420894642296,1.8530670397438942,-1.4114391681911647
0.0266221163658924,-1.2652644384952325,44.21875434912933,-1.8487150605151046
0.9879739248729542,-1.203901080029773,51.83670131064893,-2.2747368044040015
,0.5375844121201693,30.70578319970716,1.3210261093512552
0.34827420481789606,-0.38663088786567107,37.42635367917955,2.591233560698618
,0.4944102328306366,84.9049926419016,-2.012034685323421
,0.22538558948018658,83.42067521113906,-1.3211451038712232
,0.6794043203932307,55.51578296311348,2.8353476634693084
0.5851150687406854,0.13405908492802346,77.63608523654989,1.9724877331941189
,-0.5615154960508948,2.690470239846676,-0.6905650867806612
,1.4782510829701727,62.255231348464065,-0.5752438629497547
0.5163594235323776,-1.3496609067557448,8.149966577721191,1.733176548882259
,-1.0491847331947934,5.036928666312878,1.6035853848262565
0.820549637431226,-0.21387678838763302,17.201226918750756,-1.0606734025615185
,-0.7129147912305502,97.3206939718419,0.6643072074876479
0.6471782843380984,1.2965896423179184,38.959487828677005,1.9015203083918428
0.7826931208342104,0.6454177610828632,96.14207600818752,-2.9286863012093027
,-1.8254954682533582,6.002965123965831,-2.675201811398351
0.12626361048827228,0.8019666964330396,55.392352076557486,1.2493364859875202
,-1.2139432109222825,8.19777847647325,-0.7803587701174941
0.2424957292968405,0.7918027791805465,37.30766315506359,0.8477445375222785
,0.7284842344554081,87.08869030597185,-0.15203273712986787
0.5700353597772643,0.4339881049219696,95.49896707642328,0.8688740623749097
,-0.07246240923682573,64.97715354425057,-1.15956383611588
,-0.6463918816925491,98.42917767798632,0.828787014938053
,-0.24589578866954417,12.30185375200753,-0.2910725693093075
0.08852925803971357,0.2671484374703449,14.74594155831176,-1.6650860513921895
,-0.39759221138990103,31.39864389725292,-0.03978729162283993
0.4411772593306268,0.7156606679529682,76.78100677632666,-0.43676571411448695
,0.411353344427378,50.791262264819636,-1.2354889424883986
,1.2651486789118787,60.22973673692614,1.7180756454064343
0.8369417855523587,0.25420603313970047,29.12774430980054,-1.283922855164045
0.1518418890729245,0.8385924783760237,71.45862676525255,1.366714803844886
0.8750313685187378,-1.2536358389134301,19.7338380187429,-0.7556112449279313
,0.1925259753483005,46.14948079971235,-2.8543839245626685
0.268419661760242,-0.9692252317461628,82.46672804388766,2.1699717915744547
0.6199940036727359,0.21737617013490454,54.10954001544497,1.218640431812315
0.7931650603455761,0.6561997835718667,93.4851343430433,-2.5809804774931884
0.5991316735686844,1.5754041326927826,4.344604639464822,-1.1830878154972235
0.3944648429080002,1.0290791270593354,32.477343490769464,-3.8322868886868933
,1.1248038578475317,42.89933849610319,0.6986142709377633
0.9029448346676431,1.2229506486433446,55.748943760312564,-1.225802255262687
,0.11314416345392242,67.95576312312329,-0.2161117202119512
0.09619831668071355,1.7892661265010326,36.81734351570444,1.4001663312700956
0.6199723637029596,-1.3594018026255759,54.17663368535568,-2.1490791118710066
0.3099503040451227,-0.9741384783553964,1.5274465831795814,0.17062164867143273
0.5134422218785322,1.920118913586502,90.57821394966136,0.42618471637575117
0.43334312832959343,0.34086118977216673,60.03058765571049,0.812877344694266
0.39393124487135533,0.2611238235251806,87.2170280554088,-1.6950153822535012
0.05995928997272704,-1.2029667317399986,91.1793081035577,-1.5560935388217412
,1.4569521981894273,44.91850468122155,-1.048870858623299
0.3773546560196668,-0.2864305421264221,56.077405515821965,1.172474979321146
0.1595549030721588,-0.07550989439843037,35.64362902086714,4.211088379749257
,0.35329623359783596,85.00978632306105,1.6738062452447418
,-0.23878433908382868,7.087719761559963,-4.219476989588855
0.04826337084666443,0.3096011403932071,47.41201776826891,1.473935604922867
0.5208477536775405,1.0478344473060184,58.26858031036872,0.2152974927960776
,-0.04352279116784675,47.90953127948756,-0.5280192247239005
,-0.4286136415074964,60.34995220167174,3.3931652383268296
0.09856497072676673,1.3273090541416508,84.52968102594168,-2.5180664682850655
0.17800631670911105,-0.5698379492286735,46.94281693088348,-0.13976662719067018
0.5647773074477871,0.4334562361810598,76.99646461421749,-0.7031112536471318
0.6475945189313591,-0.5879171211525899,19.32297757165886,1.7613134379106354
0.25199819652192934,-0.5024143261469428,58.64420760153482,-1.3565823154269436
0.9988430609664269,0.4722595889775172,5.453009315931368,-0.6187271089198108
0.37584541502293345,0.5608674891641967,97.5371502744082,0.6484280371275666
0.6734509354426744,-1.1833687376981314,95.43903424205627,1.5401011900064712
,-0.9518436166393058,48.6532511816278,-2.30882732870063
0.5289566723344392,0.19614018437880418,19.637627892744447,2.5280608268527844
0.2133296525023124,2.0840711388841027,9.734364671614237,-4.969111582808309
0.058272257959888774,0.026849167630848804,93.45113367290784,-0.7980953592070639
,2.316151350154139,38.255776691212354,2.3383164589109713
,-0.9940436803672114,92.30770408687246,-0.24571781987405758
0.6890562049843918,1.903978499796286,74.65167093197685,-0.6705529692253475
0.39240993596107454,-0.16153737535360926,77.83297717396339,2.2003192584531672
0.6472995653806731,-0.017103038423245263,69.71284374035082,0.14419396914874152
0.8235961819478832,0.15548042301023,29.489444847596367,-0.30297231202770797
,-0.6731914025240398,23.290156644238646,0.43085228398343584
,-0.38793687269819127,72.7398880377125,-3.965413742103125
0.9447862282946333,1.8810370485884527,98.2176640575467,0.3808551081276958
,1.3214890970931585,4.118486330180316,-0.8572775960849139
,0.5108161515997185,35.42051004527408,1.6633099142073453
,-2.207913321215441,59.851426475421995,-1.6708012598450837
0.8520603779599906,2.2710470474017845,97.25569610007472,-0.6032223833124724
0.9413183123554829,-0.026638912437639908,63.85104816483309,3.2685507004218617
0.8579183126323028,1.0315072587204297,48.56435798072655,-0.6697270455413613
,-1.3102475695493554,97.12287755677772,-0.9299134946952188
0.013112868247003862,-0.04990792797269391,5.377114987458476,-3.5904887453100827
0.27008966185252203,0.4431183031580832,14.77709447497415,-1.8785191160795862
,0.15579368261890633,89.2022039730161,-2.7723458061198727
,0.68659927417217,14.126577900449123,-1.4177000451893804
,-0.050750297872459285,95.66091331953992,0.3800301623370283
,1.8082251028110754,96.97395496579175,2.6356208004093804
0.6268353865453274,0.11082930713270917,92.373855327832,1.401254052590262
,0.04689777940723257,11.299434365384675,0.8050538642574376
0.49190639834730343,0.6435984421107703,6.338974836275968,0.48363925872335417
0.9143312114704814,2.0229248402525095,53.397388576850716,1.146180943248227
0.6895990639995891,1.272505132907094,70.08871638645716,0.7647397116494505
0.23874618964802763,0.4796192419865647,85.10789164360662,-1.070323953460193
0.7272828611679018,0.1535051334707614,88.91373536168751,-0.9791164471820247
0.7715829799611674,-2.1717212132344783,71.92026628363733,-1.9040808346831373
0.49264637812807943,1.7589711404271031,19.56776982902859,-3.888534123388741
0.22252465241681152,0.44843417997705,80.97734014252286,0.6069565782455969
0.6807322098595684,0.8063989374450323,61.16103029739538,-0.2139154791381682
0.2641861489133057,1.1468321518474358,4.166578749436933,0.6420264621932833
0.16385727431053543,0.03759569284752972,16.879489933855762,4.111707527206017
0.47832280624205936,0.903397939103185,46.835916791103394,0.40960176728031217
,-0.14422718567490458,36.958337736013455,-1.8704778789537462
0.7160132931244693,-0.3285566509214125,5.792868775301674,3.0930456218859317
0.292557894773681,1.0144188545396227,57.92240233693489,1.6149567054671619
0.6988901507354202,-0.5553590023230037,22.80876277983328,-2.9396527902193963
0.9824130191329493,1.331317314758796,12.80007180834717,0.31444442709875553
0.8411485111942394,-0.3808803185687537,22.077556000369412,2.4602708092901473
0.5528444977899979,0.415335391057761,68.17245643531776,1.0946479436666838
0.04821754636907172,1.69195541144377,73.246584190755,0.2856826195667402
0.4265542964675145,-1.76574317889992,13.68517790185686,1.09268948265327
,1.90281725658915,30.502609612438526,4.875044014713167
0.005725349685819392,-0.9746949160547942,19.387255125491155,0.3429833650258927
0.09495561000512331,1.6221490391656659,78.6943949028725,-0.4412076913647881
0.7891878080607758,0.42216610305536106,27.1823333477878,-0.5822670396509119
0.8284773245395703,-0.0057723201249107875,61.71798297354697,2.87934753030296
,1.0791201010274831,27.50235979561888,0.7180325760990154
0.8478237631203551,1.1329523713432539,44.952011150243756,-3.636281822994051
0.524373579036212,1.2051980787101533,74.73930519601201,1.7805206221417236
0.09380177596703865,-1.448649327175793,62.19237849147162,0.4262873282781749
0.4792893455613988,0.06402540787359864,90.45173980719106,-0.9049195915368363
0.5711210706766856,0.5823189090180003,29.845717278825866,0.6013712576497324
0.6741347673760346,-0.7266922521722855,17.506198477292024,2.856465230922022
0.5931052986550371,-0.22668222981818426,40.43994420603391,0.8473865867316418
0.9708923314397843,-0.6877132297515006,71.7003198324069,0.5961384960717888
0.8472997785367195,-1.5359075236604744,4.4731525909329495,0.23299642878960053
0.19176276933246572,0.8271640000692595,32.17390816209769,0.11646290025651372
0.6299172498120781,-0.7209999686258374,81.04269886080698,-2.932452287187116
0.7177353373971616,1.4729530499662344,8.343738918554111,1.4775447404320448
,-0.4287043550537471,96.02165762794861,-0.4008652832208676
,-0.5841309225131593,32.00666557152404,7.52667377347281
,1.0483576740494713,15.896631214097079,0.014724796125322105
0.523121208147977,-0.2030443979977527,57.64481909981144,-1.413486110268827
0.038482169502411234,-0.05083699148035498,92.00890271755722,0.5111221311723666
0.8018160253145994,0.20065868270318907,26.786569350659605,0.43329542756859485
0.9358435362638557,-1.0140541842150335,86.11136668403486,-1.4772805773494224
0.2309395142195516,-1.850049158232867,15.191790558276407,-1.2145697259352775
0.3985409475086621,0.632901591487525,28.314603040778017,-0.11482468494544826
0.7511742424501324,0.7359438058747652,33.943185127513765,3.1569614201377423
0.7360081413944943,-0.9183469775394226,77.27403909370842,-0.6611676124866588
,-1.3264934610862051,8.612637949841984,0.5992917970868329
,-0.8100476457719568,80.62855147232474,2.390393311459036
,-1.2214413566989855,55.26591125144334,-2.239905640822236
0.8944810940053985,-1.9204434676476367,64.99967735145235,0.7113181821895264
0.33201375569170355,-1.1399641617459038,43.24562257744282,2.6562030988505865
0.38115780728218573,-2.8925860769066554,32.36340969918044,0.5549069905835253
0.8110000494481732,1.5542564450491114,88.82808339727161,3.632637341478862
0.8678600299432809,1.5247132547709852,84.65344908155026,-1.9840722353825935
0.08506095446669093,1.987639945413521,3.1210461540653656,0.9625124540760859
,-0.42225532168408786,82.84565233176714,-0.2806398855510356
,1.50418155856674,17.413357613193746,-1.5870761611562216
0.3778044987034891,0.30700477962161654,85.43789220418586,-1.656966032891215
0.676536767240317,-1.6985100843434509,99.01929761125372,-2.702282952225429
0.1449200953473666,0.08619149886427856,76.37927077895031,2.9779258857722777
0.5617954747581336,0.5401058899717199,58.38594183453822,0.3427506878268993
0.9502364129882342,-1.6109822374770977,15.696362313011726,-1.2924834577616664
,-0.838986725299143,5.297356598047765,-2.4044293050284744
,-0.09198756583161524,86.75395741015018,-2.3314572284864217
0.4144689185186038,-0.23601194314353002,40.943182446230054,-0.4154637888046878
,0.12241254535132279,39.56901750330684,0.2711632179961025
0.5747537393322963,0.5599156345178842,90.53812501410547,-2.108454712039297
0.304926948120403,-0.1655728295846332,92.69946323276488,-3.5539541960619543
,-0.13421299332519418,79.76855864588411,-0.36911557022969615
0.5547504695113611,-0.7547047347331678,70.57032498625254,-5.027549599351587
,-1.1236384703436646,22.011203553263115,0.022029745662804953
0.16371702263337062,-0.08013670266177668,17.08319690132507,-1.8836055598540098
0.597036141294232,-1.6236116740261175,84.22505991436526,-2.255195692926708
,0.37366546336777867,92.4797540356178,-1.6379007951631428
,-0.02062664864243143,16.03041306359164,0.6018480061335073
,-0.18183829252847475,69.58314097555484,-2.076326118157453
0.5024558843778053,0.4892694910984264,62.42612214265194,-0.3883286002045251
,-0.4490120309670691,89.09630896472021,0.22259228268791453
0.690564942007931,0.32201232936776863,83.91014181370795,5.781366202515044
,-0.11957303957008489,15.190353386489107,-3.411930493183415
0.10519637606063548,-0.09158699729676005,18.114392088181564,-0.3260792202261702
0.346819341210844,0.8673242440231839,33.28226027822856,-1.1965762983680048
,-1.0628639858304092,43.30598018330757,-2.733251814351653
0.2898517551469879,-0.6300616357502966,94.58701668302312,-1.8940088839708125
0.6774690732334719,0.991023707441839,28.786372879091747,5.758518656359236
0.23634216962969745,-1.0372527126481,2.48273948256883,-0.5851769749185813
,-0.17198737797055655,53.38453341785324,0.20563272118752438
0.35621229605139926,0.26517963768388036,88.76195556749707,1.1163915324448141
0.4685335140097734,1.5801289921503048,21.764613283150503,-1.2057074359233302
,0.4969254053918037,96.62222318174803,-1.637546227242101
,1.1184780745684637,69.38767652115769,-1.9479486459872333
0.6950299997169953,1.2264234510761076,87.97225679871214,1.9119601923494176
,0.3148736982769525,35.618988233378616,-1.85297489202183
0.9797930992251117,-1.266333193389937,49.709631824148495,1.8328918331370794
0.0001290748654880769,-0.34432240134488284,31.023388894091262,2.877310753378748
0.6111523091373485,-1.195942765505169,30.852348651985672,1.0485399786871241
0.03181996634598616,0.9901207672406545,54.43915706381988,-0.8148841417294889
,-2.4788323451168597,55.374626527089745,-2.600640854058099
,0.4589646828891578,31.706366167279388,3.5408052911694763
0.34222623102577565,-0.13339099954591876,63.73883682019176,1.2852883027025233
0.5392963096719994,0.2857277617066535,63.60530500056274,1.46364208636343
0.21063518681456106,1.12170728708858,77.11932832226962,-4.599666818653803
0.37933668972845247,0.7652175145203457,7.013647211801799,1.0141120908892667
,0.04198255298623962,87.8678120901678,-3.3290265994200285
0.2846091240431804,1.6523665629400444,13.6342141906031,0.08514261292317495
,-0.016317839336513193,69.26767920036863,0.9837383201757326
,0.056518914473863494,29.641027076500215,2.289821907481174
,-0.4332615408399842,24.949369421823718,-3.1079279104721866
0.2700217325510149,0.8194774012680704,77.97066701769843,0.026973542270627218
0.7008360534237539,-0.6853053590351106,0.499103266698564,-0.7754806684926826
0.8216234026732655,-0.2265946613842352,76.03665887148166,0.6262822448836314
0.18467515602551787,-0.3532837012722096,19.881498535981436,-0.6836950508018975
0.37671606885211695,0.4418571581077468,5.505916856164617,-0.25170778448061093
,-0.9451799320463684,46.12746369104893,1.733905300774506
0.9240364145299533,0.8577077333572438,87.26580218717508,1.2453256569461397
,-0.047722287303540875,37.76107652024109,-0.9823809540195781
0.6844322218066825,0.009586719608378093,14.64832696035664,4.268838384230095
0.8336443447794799,-0.34330124592712813,31.999957381664434,-0.9342910849665179
0.3672528113446787,-0.685306243050838,57.9981538548945,-1.4824366065957801
0.9522752231411141,1.618286891500277,63.676490719480405,-3.2054247542190737
,1.843203020303939,83.98071497405314,-0.3925972025645561
0.8744881570885225,-2.3777430888534345,65.3885534517396,-0.8912042347577166
0.5146952112261302,-0.711864655372196,88.87172951008291,0.1793767232026831
0.10197297455109022,1.0648798492448701,35.44562557727602,-1.9265908264894769
0.04157579813214829,-0.6174973606491254,95.84310419054388,1.8059301093154456
0.042075675185531125,-0.684762698267458,38.67004034141208,-2.4143672434061707
,-0.8147605946026533,52.71506236802706,-0.8309523499535199
,0.07748078911501866,44.34708033965637,2.9379338470932046
0.8185493890564383,0.09277769625616036,12.886828406534235,-1.621367022236563
0.8734539272063735,1.3353931402641739,88.78853058081744,1.3044832713405081
,0.23199827291720207,40.24246649575812,-4.379968325485901
0.559301688272481,-0.7039366979408556,86.41377696990786,-1.7876232796343858
0.16912234789698954,-0.9997436542313086,16.66588659611007,0.7204742489854066
0.9178393048667979,0.7155084549643834,28.9014044748235,-0.551626998656311
0.19121239270028823,-0.7172381853352432,78.62674911766926,0.1461928848880521
,-0.33480437831993803,84.142023164549,-0.39345345759330547
,1.9643112836542111,84.00714299955364,-1.4546243136602084
0.23383756278489276,-1.431532640601907,0.5260941249149442,-2.161636356811825
0.2787231148963366,0.5341707747026869,17.639534045255246,1.5399097692092019
,0.4845716350570893,99.97576552979119,-0.5770336174781631
,0.1000616766487784,22.78999984317398,0.4742862855466742
,-0.9035966192868395,21.553047946319616,1.2443343061409797
0.9844067171153035,0.8953069422149812,56.07270620710688,-0.8351195499037991
0.8401102241757372,-0.8948773701603064,60.68831811862254,1.7469690097135675
0.17306685384222187,0.568102959693677,13.037193183159523,-2.4289951275985637
0.8010272147010544,1.1493653851359869,50.46724791242336,-0.31905415993555153
0.9844997038697096,-1.7946575477827322,78.60369232474025,-4.630491472322915
0.47031651265883256,1.103590073167879,58.06497874665071,-1.3783581970434693
0.8794235785643666,-0.7919998620671661,33.08032501579818,-2.470568076886656
0.37769493535350196,-0.058200911481326084,41.19484336496683,-1.0297023515964832
,0.04730228275454058,92.33334164409209,0.8499420486400062
,0.16075634129289765,66.95593074592182,-0.3137318243222175
0.5617215169362814,0.651929640558867,23.427556702645035,-0.15889853956004643
0.2998383220714572,-0.4297107548857455,47.614843728776954,-4.961358969883196
,-0.46288426150505074,49.65087053251492,2.1935786427755892
0.7897233958696948,1.2319177856872399,27.718571504329926,-0.2423440699056028
0.0030145833473245176,-0.7298351085394136,14.69192614371858,-0.10508742605902714
0.7272319662785871,-0.9842919212797713,24.12124766134578,-0.8598890687926167
0.9437447663492656,-1.0134376137821623,88.18444443638023,-2.1120092042343463
0.20008876120053254,0.7282344764610439,71.52295638132158,0.056435139237811086
0.28589506673034915,0.8796586595911925,20.352911012724395,-0.45931498379536945
0.17360632461849534,0.1638668336264288,27.379001281823566,-3.1404043984365075
0.5318844149159955,0.5460390428175711,3.0593843026179623,2.5897039907781845
0.9254242129678424,-0.07703518730121908,94.60299317258685,0.3716577253075539
0.41574187246635186,-1.0168218227336565,91.66558875380639,3.098452332701262
0.2627406656296911,-1.2679655675779113,26.85103636560726,0.8113581311642047
0.8001099803890166,0.7817861267830222,99.28536182813765,-1.1277114062907516
0.20799309992030868,0.349612457825352,9.490694335151673,1.8546425517000817
,1.370837934324302,35.56338414443555,0.7466189669753825
0.3798031441946641,0.4553991625951333,38.21053925957871,-3.025435607863459
0.9542340849415437,1.4395611565345472,67.18456427785114,-0.02407691814125061
0.7669952137739959,-0.24006564949555456,44.83695973745867,-2.4062591210539352
0.07736852396821159,0.4792700776600269,74.59979372299634,-1.7330866000406044
0.9353892451438391,-0.6238088317014969,19.225037304780745,-4.837216610318807
0.2925370402207994,-0.1593219794256142,10.472585077175777,1.6549990707547158
0.44088943777068634,-1.4038657447854235,46.85326575235528,3.441789364817576
0.004563397817809789,0.48990513661800655,66.54365741922757,1.9681032646021979
0.9066388604808147,0.0036554304522272755,93.92446122247867,1.704954366916448
0.8246050051372591,0.9919266403888258,68.25832048293123,-1.3362498229345945
,0.16453931683793524,10.280258446075708,-0.22186468660012595
0.1828780098283478,-1.4065739426601145,16.03535256266727,3.691508185699678
,0.19853906303681507,4.750604338244879,-1.3919475745974899
,2.788496206547755,7.341051499768958,-2.7270668258037287
,0.7220886146205473,19.85103073349569,-1.127301846897335
0.6446638899896135,0.8146328090832575,3.300159227494681,-0.36072021818256006
0.8996811959666046,-1.8529055929382487,46.58827906433889,-3.5118739966291845
0.14283402229222242,0.834442469672671,48.22576263441002,0.16489409239060515
,-1.6559642823342495,24.5282703290737,-2.0856516211243354
,-0.23504692685182735,79.94234307514667,-0.5852761775631102
0.7782358114606804,0.8719374345253416,21.83036526968143,0.0541575417294614
0.0535207216090946,-2.0083494973877145,86.22682661101521,-1.5992467925327272
0.6439210270097123,-0.23359673568092704,97.7563387329918,0.5512566566979789
0.016348920067600248,2.6761829799199837,60.05711731495046,3.7743148153305768
0.8148460327122681,-1.6152468313133004,55.222735922757074,1.0882981415260322
,-0.12693211331640591,97.519048672487,3.242486754918912
0.042394750308403895,0.851260277657045,14.610741185273902,-0.6527043659480396
0.7344205769817751,-0.6589477151262245,29.28325757850143,4.529583190694001
,3.164494424863524,6.108049332613541,-2.2082321403328757
0.5129977151183895,0.7953630092122846,79.12216874882385,-1.1769966022175133
,0.2190470955692149,3.3693978688101978,-2.816764656161773
,0.024139599576734456,76.55022888855993,3.5055268921898115
0.6503148808913232,0.5451277773415848,71.91534116119205,-2.094020608531799
0.3477574279602357,-1.1545423739268892,0.0789135504889793,3.482271345507726
0.6987754770752259,-0.08763952983987987,62.56313772920824,-0.5000832304786551
,-0.4791273070160412,10.80229387456697,-0.6928385370731849
,0.4047008713151203,11.431364597501792,3.3874587607698863
0.06660386352786352,-0.05570272557593673,61.76494291570963,3.868054143371855
0.6929550743440768,-0.03993305797329094,83.45434254032206,-1.0344484408020878
,-1.2181347852420823,47.557175300207724,-0.6355400679754202
0.8130571792970724,0.5165173533035035,76.63390649775648,-0.08523396215458043
0.887597982576782,0.8571485364938494,84.56475444619669,3.416848322832447
,1.4555469237395138,60.3093847921014,1.2824851134124473
,-0.585544339077332,19.0912794451381,3.536135320926789
0.9905254149961656,0.14570867951803584,51.291052365405875,-1.000081223098517
0.9375795953480962,0.6868617265148299,62.01162818283471,2.4788415620882858
0.4744739751126913,-1.1273042316600306,77.92579726050299,2.1918826091819446
0.6154594347027489,1.0340227347432465,57.686944237736306,1.030293757961026
0.3637370345537122,0.8696242444437293,62.54942438258458,2.5528545059277072
,-0.9147021238861127,63.45556948540833,2.6813864288049736
0.0529728880579462,-0.7543079984457216,97.93285393044918,2.309003214256645
0.921381082131692,0.30399653020899947,49.15845026666889,-0.5527839777112631
0.026353747284000306,2.296744750186223,85.07799586735466,1.0326438231234838
0.34094728027437926,1.5331345799424625,4.13751194086448,-0.9968853784021214
,1.5321979607901128,20.131803959658324,1.0651640884877007
0.03950427453648586,1.7532299562100007,4.640736396831002,1.745134232276309
0.24101384150781457,0.551030411009745,76.9228972634159,0.35366761793188906
0.4138483207982766,-1.1447786843167493,10.041623876514683,1.0655121707791777
,-1.0719359136923925,70.73087467590604,0.9513202029487179
0.27770728547149015,-0.8737441333216175,68.115114737193,-1.545776190797076
0.8716048895006181,-0.01558819177859981,59.372626431953535,-1.0680233276341085
,-0.5342810297733973,61.801651355383605,-0.28226244936983835
0.3164215205388582,-1.1812772099996405,27.61787505171842,-1.9327300509674954
,0.028662684409173893,79.10487349246299,-3.980797266287951
,1.3744077832563175,56.770182954750446,-1.662814049549786
0.2555859211354681,-1.1317693615697195,59.05318255096235,2.2060298716668787
0.9844457211789076,-0.794944926110142,34.18296060344416,2.060092843093808
,-0.5673393321809949,54.494688608819196,-2.015881242943868
,0.742393625773767,5.740715599562041,-0.15081280592636825
0.20012149264506074,-0.9311722262926139,68.11683553259252,-1.3222878922841885
0.06875471949023526,-0.4686587049072156,3.9515591534484362,0.6225054199225709
0.6391761186686068,-0.260817355157231,52.116995943026666,1.144793859553999
,-0.896413443302208,62.63937482306626,-4.363859843395554
0.5651503956029282,0.4006304607116012,38.23756694962459,-0.3658062914520751
0.23736465791511874,-0.5938224938039526,24.47341956382435,3.869968372084725
0.319855244654904,1.8002658333446708,89.97731458852279,0.03843291412646356
0.2875811036431689,-1.1173210831682585,52.78221844868586,-1.0989142839226829
0.8925705359072923,1.0822843633811523,84.17061028872997,-1.1398352743210454
0.8778508627377132,-1.2252294002117143,3.1754674708515895,1.907877140781781
0.12540366135782777,1.3862633367642356,3.286869309838547,3.362414516137408
0.8859920128609886,0.630260753152584,85.21662429969419,0.3346380353304841
0.7291819358531716,0.21453222962949847,13.341480484985036,-3.869850512921165
0.8463495767322604,-0.5393626504110803,99.47134409917618,-0.42510768522020076
,0.32256627637659063,54.31834262596872,-4.433530983281815
0.6000156164016289,0.7628752025846798,30.732336183914033,-2.0145831188569048
0.9900413909198398,0.6001301448090827,56.57096612010888,-0.5485222812148595
0.731945075681125,0.5770669733826094,28.985047984751724,-1.64824363143333
,1.1675091668722777,7.710252021343022,-3.671406495870869
0.1814990760080325,-1.196361564598059,24.38773881698587,-3.2421796282474067
,0.9706626135515604,29.978177629825442,3.1378500828519384
0.44473222827834824,-2.0332124680613677,63.2232022517103,-4.043922145730231
0.5716508609860913,0.8780679398698504,79.40442449995582,-1.6557619422558338
0.6259037268053347,-0.40680096415963857,37.42631473433512,1.3844103065727815
,-0.7995286955095817,81.77564579285237,-0.6246670390145047
0.48404896934276576,-0.6503637841753819,23.970766118291998,-0.7460891637549903
0.8892117790222822,-0.41953436487421863,92.4420698289467,2.141872506582668
0.37656923320361646,0.07043567061380708,31.564796910683878,-3.295628214490009
,0.32533727704332227,84.25925514551967,2.425191994653462
0.07379642903783801,-0.3611163068859483,41.88219600961295,-1.9141619967938415
0.2699649929653156,-0.27560527895337905,4.3957220534800445,0.0023850443509174455
,-1.06174062348575,56.742848910572405,0.7696489736143707
,-2.9499947467693026,31.071979283499516,1.1356824493660393
0.4194005823768301,0.07619094689329364,14.044884129331658,-1.1187229847909468
,0.5981124041483615,28.61166237031696,-0.35501048982992434
,-1.1731496285378797,10.15279046640214,0.8653170449199061
0.30449378295113905,-0.35388108951135877,77.76299524246653,1.181955738432159
,-1.7200347408377459,72.2894626492736,-0.1565746839837876
0.026217666890428926,0.5813909466761569,42.632326955104425,0.42500647281154447
0.027876531432290297,1.4467297331849993,75.29533057418989,-0.9131818660568586
0.6454113161323267,-0.835289185022711,20.34740204579496,3.8612082921661455
0.9507021714594382,-0.44457094729003727,75.25511003525199,-2.0857699128691256
0.28769339551540507,1.3304882816772532,32.42085346759583,0.7117010820874424
0.08255186925279023,-1.2092660294959359,98.85261742619483,-2.308721206820226
0.16469934897965266,0.3538147538236549,87.29898610638315,0.3157412135559536
,-1.0009813345063592,24.230797691578566,-0.34953649870464487
0.8385816758559547,0.12546475471652474,4.041950072709255,0.5857138801857853
,0.02033452952857021,46.962315124243226,-2.0691997037068717
0.6251902246114323,0.5259727159657316,76.16389850433448,2.3564108620171633
,-1.4505380133693146,96.78806010007487,-2.8040101036162284
0.07067064182205163,1.3543411304381456,9.046750769088064,2.199515961713123
0.9215285264851545,1.6947096479416646,5.769533634237456,1.42291220050732
0.10287105000458008,0.29210850486523116,77.96667731570336,-1.5033379880217121
0.10912837957558064,-1.12355155281077,32.35561140218904,1.0291073589019442
,1.2500205470613905,10.029589837293573,0.4351055705992143
,0.1484038964945315,21.368988261825315,-1.1207306459989654
0.7593183154598799,-1.5986112209629955,98.15538277583794,-2.2707148641108237
,-0.41313280216601567,84.50600397832602,0.19549267237850163
,-0.7585284129042323,91.97259343206926,-2.560294338592795
0.8070597590523293,-0.37844459690000126,27.959188766139697,-0.5069465010847809
0.9533418825518157,1.564902248190454,12.650994192436482,-0.9760718766095948
,-1.6489874343844542,85.52242284852582,0.13393565272893104
0.2781203356221956,0.265603032643503,60.16732556440731,-4.204246689704506
,-0.38506748254115014,49.55903405919678,-1.8887701738679805
0.5017288867474957,0.24371976067682052,19.877018827663317,3.3527877629735134
0.21263403841514417,0.16956979495942875,94.56690051184468,-0.16919192907412192
,-2.4836964988887873,88.82876190440778,-3.367101740480834
,0.2639690932928531,22.24388700137654,2.2716436972660072
0.8315956165148048,-1.5636238577337105,13.73719523797896,0.07242461227433498
0.03355904714923008,-0.6803964264760103,99.44690713052175,2.102121176940048
0.45481951271580834,2.0579481722992155,1.5543216464001253,1.6892491220063384
0.35296407640181837,-0.4049554072898902,29.697746345469646,-2.3376829299368334
0.550389091549976,-1.0153675432509364,38.81175872501261,0.8886316444487402
,-0.7007797922288458,86.83451561758211,2.0511239223485527
0.3835054784248042,1.86361705079306,66.90958152845548,-2.8003837171748347
0.19294911152674588,0.2773697523334404,16.765376518485763,-1.338703807581438
0.9985462989748445,-0.4394522699210562,75.59182104758764,0.6829204545383432
0.6445594629291607,-0.7049528020265649,3.0118739144294304,-0.20200693770299724
0.9245895632255032,-0.5454838009077483,86.98638076981204,-4.4456080182550695
,0.2768110456882409,0.8042392016985977,0.3494566447852309
,-1.1684042127033116,55.818421050650656,0.10646858717578617
0.11784550014504314,-0.9516826313407395,72.90365584837625,-1.3123341340747057
0.8377832252120935,1.5054178144751331,59.92236428716999,-2.2254188044103818
,0.2291613664772086,87.11720714465537,-2.605967365288335
0.1933275403260778,0.45229816693455643,57.680170672558226,1.2667250107657795
0.7912485027314354,0.2084037987892606,31.436495585699753,-1.5194569341297273
,-1.8881119142070504,29.477640697685736,-1.5037386809641053
0.5526374864535745,1.174909549665629,49.1920751105587,1.5680428843689644
0.4891676020785548,0.3325307289996137,46.828001465155666,0.4905060924558691
,1.0292611214337593,75.55190856302126,-0.6489089419249221
0.2938694005729392,-0.4838410915271226,99.63133599001392,-0.403804219505481
0.41516450888370693,0.5256028212848934,11.921999216874257,3.530421684525359
0.36203820536348097,1.169361075369886,6.014128625939752,2.6454988082180533
,-1.1474055417758056,72.67374077957102,-0.43369578403740605
0.39565737597283235,0.8985636473784916,25.752368042802164,-2.007061117554865
,-0.6069385725407339,13.276572585676593,1.5496229615359534
0.5095178277866076,0.5327623574572712,51.713918095747225,-0.4701297871038393
0.2617641511711364,0.5016475562204119,25.142256784483642,0.16572339276762105
0.836368996826983,1.11901637298073,64.35007031846298,0.5181495845063065
0.11289501160293569,1.7514044896349723,8.424987774610237,0.08341096239966703
0.7233558799782469,1.0345737504419525,31.65248830815075,-3.861302732594444
,-0.4260004793271158,65.77616464380957,-0.9212043224891414
0.023853735977085844,1.4754147453806692,61.62831758039362,-2.611746954742285
0.9626253796629055,-0.9410012667175036,85.40263776492175,-0.2127712688619749
0.6907301753058456,-0.06613097644063855,65.88853696552725,-1.809704395867662
0.45924227528391937,1.1185980003369336,60.89105841577746,-0.8637657433059832
0.9407026842402012,0.23594720210787673,39.29916888690615,1.503000446938651
0.09644716114652874,-0.26889196742455473,81.58580730658915,-2.731307397700074
,-0.4790059792561047,2.623279335662343,0.34876941802638795
0.5164773277748355,-0.8225565702317811,29.767204008981086,-1.7093276519982683
0.2671038287034555,-0.2194065111934581,75.17617382486831,-0.5884812181153748
,-0.8028393632166231,89.4741822619511,-2.315869611370186
0.7621784703662972,0.4957912675614331,57.2921514692837,1.4161646009774989
0.6872215019928377,1.126407296031038,44.08474670392697,0.2919302245225948
,2.0986465491352053,1.4824900547006359,0.6800050568833661
0.7092534505053952,1.5324088627701535,3.177599608461079,-2.697867478149723
,0.26978707475846264,68.56088414474172,0.6732836288647095
,-0.37743662220965113,92.94625150412197,-1.19180922441556
0.9861458918261995,1.156727414007096,63.73556606067249,1.2202844049661492
0.01152711168951459,0.8228816858190009,33.880756709676305,-2.089188425398232
0.06530006521792797,1.7747852389316108,87.17311620610802,1.4397726441896825
,0.24953673432271162,41.68531277637554,0.6288315695824909
0.7244653965468832,0.3674431432454282,34.160282060387495,1.9765097736315396
0.920628176174805,-1.0199125181180626,46.47386771895783,0.8617290081374375
0.21062831930229453,0.8588736976044152,39.23098228484854,0.8786836905415523
,0.49360925578590953,87.88979401647342,-0.33974053252892833
0.7483401627566098,-0.7467632121841509,93.46941672249983,-0.40028744166163754
0.5524227546663817,-0.014642590150616176,46.86072538283869,-2.267934737147372
,0.6887765584300376,56.89935161229588,-1.338728405677696
0.15920699328029864,-0.03354631942612311,65.76715040179,-0.011831857310705306
0.12653611724627878,0.2679985760594266,90.08296042746439,-1.809135356711074
0.6888974114030193,-0.8909969180375175,93.22681957793986,-3.516407559290286
0.739185614447618,-0.4437424967813771,92.88104359115106,-1.6981080470522363
0.14970523399228364,-0.38693348758993096,26.327475477778595,-1.4318884013882143
0.9884493012177609,-1.091841894597307,41.56881872481135,-1.4470944636109924
,1.2975771147677948,47.74761493417571,1.0162751018839729
0.4406443844995146,-0.5618057389634288,45.9414603829082,-1.7636453197228135
0.16083268591136213,1.3242408062563185,7.137531572734213,0.32478612740656826
0.8222034307205746,-0.4687255545883181,96.27736832894156,1.1250669068397057
0.47405214074770385,-0.009571972218381615,24.47708461552267,0.8210890016776523
0.5439466922080037,-2.3840524217541303,23.205547557958038,-3.292875534617547
0.47915098613772167,0.34218521601863394,67.33417513735597,1.453193214489532
0.9126562191758034,0.9411167277369205,28.71549185184157,-0.44124724200112597
0.13797728200760717,-0.3574338087129627,56.00892495414185,1.6069852267460927
0.8068942824420962,-1.0137222766835878,84.7655366783304,2.256888469329072
,-0.09186356599343064,28.231810518959378,-0.3066724983258907
0.3572892130056049,1.6906312301902133,91.60832407145433,-0.878895587388537
0.5509657778045637,-1.166906336107268,94.45610401830389,1.6162029880480329
0.29195042959212614,0.2035773672968737,25.131367613982427,-0.3867493210822881
0.8593408038713274,-0.9530515863584847,96.66754233016952,-0.9518738558760899
0.6776494345423462,0.6093768202162779,54.068501340975715,0.3804738623665798
,-0.0632031053300564,31.327340900609425,-3.5488234611105187
0.9657431230130411,0.4222896328523172,30.27013741115452,-1.3638919822677709
,-1.2627125310474137,18.733467746393263,-0.62562093113098
0.9994116321780849,-1.7547789014015356,1.2517923436735412,-3.652440613207158
0.8959881258126126,-1.0099523090398996,39.07163161451144,-1.9246121750270655
0.21691362287111238,0.2959746722227464,75.80102821242875,-0.23945738429151942
0.995411003657701,-1.5082473048779685,94.08984134650775,2.3167743533182263
0.6840461598054919,-1.0625552546844657,90.04213926307501,-2.339588611893624
,1.1730878568245209,32.74583895260885,0.4219788073798394
0.7497061751610111,-0.017514261250682256,32.88008196479757,4.2991814845115846
0.6971964063006572,-0.42151785388205953,6.886192097347699,-1.7999022805116534
0.04951566932791218,-0.33502261715451864,48.86208221678581,0.5988077283508617
,-1.4065353620416359,94.59075432620365,-2.630065092180664
0.914468389261081,1.2516482465571237,42.474572869528004,0.5207558316983554
0.627364859187881,0.7164519087865814,81.55599370098184,-0.1876371991879605
0.18115348237425966,-0.3614418013174138,22.320687196701204,2.0120254541963503
,-1.9722097383770973,54.831662825813765,0.12686162447418387
0.4110179065904399,0.771385643720605,22.35385828502293,-1.760513540463079
0.5807536977870567,-0.643668412985299,2.535862712468928,-3.0468021461387735
0.31953863148362127,0.42866336583858905,13.318818876931903,1.8116921631100866
0.5360185651145769,-1.3943404810159814,25.56984647035264,-1.1430950140613825
,-0.9914767367459001,82.06758324530887,1.9257561642633019
,1.1170463570538416,96.46123220496331,-1.0371064831241725
,0.10900136225225515,93.53155691256052,0.7851293213032294
,0.5215968451666397,78.7888318470826,-3.3763258186315843
,-0.01569129423733917,63.24379070744508,-4.978974314540077
,0.9943157096527129,3.8133552357324407,-2.562478943894628
0.1717477496131775,1.0130534511481806,40.17182445352593,0.07776932379399527
0.35395911851278894,-0.3942055600081131,90.9567295204818,-0.06987249565162426
0.9765586557283682,-0.5258978426188975,84.84149655904847,-3.421798007149666
0.694028861496561,0.16039222899265784,96.56677509015752,2.099730018444896
0.6813009869807791,-0.5467209255665461,97.64883642856812,-0.7004226638554087
0.38056832665730045,0.21648330652196926,98.69532895992354,4.063923879710698
0.1496729957386621,-0.08064376057459005,49.38269504863169,-2.7131719213594834
0.7280328390597351,-0.5551061809093816,44.337067597592664,-0.06683199075004803
,0.09799506941299668,9.508401284692347,1.3257545577558514
0.3915068346749523,1.044417807944016,98.38908079737013,-1.9381518469348247
0.12247682495671386,1.2201442417699644,68.66281818638947,-2.0640022616739744
0.8857655664677477,-0.22635065703634713,75.51989713706232,1.4317795610187734
,0.09115153982898927,45.9489572108596,1.0393740302183292
,-0.15626727949523092,82.60038613462585,0.9429292379326335
0.6491872865671175,0.8893852421457886,17.030671085292404,1.6273745676116274
0.3989866030253989,-1.6608761075012466,26.198487954367977,3.7650802984288902
0.16435200054596744,-0.12388897060041065,28.215544903752154,3.621058112285669
0.5284670293340715,0.7312020151368956,29.547867824944017,-0.13530472692507572
,0.3824685585436015,12.777110780220324,1.3489951422516875
0.6902407710987642,-0.7804842737236788,81.83733652134644,-1.6852710481575612
0.8361661212970587,-0.34015641307104455,72.46375547120387,-1.5022525805626386
0.06448671243612725,-2.524225831899445,78.7260174374425,-0.09193957361562369
,1.5841921915852315,83.66204571713398,0.45990418954886847
,-0.40939785788802985,68.9785229651727,0.876701454394907
0.5948359029834691,-0.2699658691683807,23.900553664474756,-2.229160093251873
,0.04620642725523661,71.00403370228416,5.155050390262283
0.7056341051691114,-0.6648122075837922,41.228781905698376,-0.23638850024358282
0.34733959297812267,-0.06355363450086014,48.36675432498823,1.925171311863279
,0.6654908659970599,79.96363792720686,-1.51764744670722
0.1387158394169501,0.3367861416953001,61.43010079104159,-2.5295060114811174
,-1.0660985636275895,34.75165097854786,-0.23583038681732862
0.8369128474775056,-2.2440787152025297,77.47200096361577,-1.2959154061090534
0.3285275777804133,-0.9340556648803406,62.37110163851808,-4.139652273681059
0.498014563861889,0.45078963500427327,74.0336286108235,0.48354734382371345
0.3846401807086334,-0.7678675750436363,95.4584987415612,2.0219896321752433
0.4771271577874271,0.697877760532851,79.22044250300004,2.284106874426769
0.08801214156186032,-1.963377705508747,88.8110377993439,0.3067868258324776
0.7287829746930142,-0.8261130625447817,47.87378616391963,-2.8188960871764523
0.4940060219291116,0.7131453487857621,2.6783783835424346,0.9492650573652491
0.7693618000939079,-1.305428358416109,76.63276449094036,2.9396087063454583
,0.9822989695588602,91.21826493274945,-0.7734688430299648
0.9154373673403924,1.1101853430878388,81.76904475222283,-0.016960260778218023
,2.09067365095503,29.54655069767309,0.8230137784507073
,0.5416713710931009,75.42013822640918,2.0745138987512335
,-0.1415071552730694,68.46414616009278,2.680571022308389
0.4831588639493988,0.20832562437178367,86.68341352669286,-3.6667903315637527
0.7320347519447501,-0.43840185469600124,0.2935874335257327,0.7049830018795287
0.3615580080057156,-0.5183719574029002,44.31988159807393,-1.6152079799648256
0.893043529193833,-0.9404909639984158,42.88724705559994,0.3815009884146218
0.8930647854701369,2.1211733869176506,89.30123872287436,2.2683587996791523
0.9228681427703878,-1.044792998473567,0.35389759628795536,-1.5829918626323627
0.6417735214612508,-0.042907855716095324,21.06153828135501,0.20337207111393796
0.20763786294983588,-1.8358563130517873,56.45129180529405,-2.239410445021825
0.3646683092115228,-0.753481360144648,65.01009515002497,1.6182047632386365
,-0.17652137019761308,5.897526776026063,-1.2418381994924423
0.6879527496760001,0.010887906722669143,44.62524168726504,2.7609598364088184
,-0.15330601833937776,19.854965043557105,-1.2758941472919878
0.6496763377777935,1.0229201048869903,59.98394662355126,2.168953454518231
,-0.0037618303404238474,45.33433019823231,-0.07654632940764908
,-2.1896649317517625,0.06723248541024018,2.8104787241167575
,-1.025313406596968,97.03044159312803,0.6539745298789418
0.7302600359190634,-0.14769027686350705,3.3650701229030244,3.565778646492582
0.38952884174021185,1.7558943329700902,78.89586832155113,1.8197927953261297
,1.0038522407530144,23.56657641969807,2.3768839810111393
,1.0733606845069426,79.20359867320252,-1.0865826235909508
0.8427856991396563,-0.33602392984323426,30.64840352462199,-0.3426643705212204
,0.31440226466634297,83.13902992825494,-1.4141786931488316
0.9342042126934752,-0.5377097249395868,4.006938057249099,0.8657760814184807
0.800138733704809,-0.4360894149290701,69.46141367212027,0.9932907952704368
0.34525660956975013,-2.1789341032881513,53.850871297403856,-1.1593669791138854
0.24341271597546632,0.557038814108423,20.199334664960812,0.07030828328553365
0.5873433489427814,-0.36444480808535923,6.310068103679523,-4.312379810105717
0.5753131020852313,0.5996650180778358,52.59791394578166,-2.1927903575029473
0.2967387888434807,-0.07966597657677231,4.392978522908075,-1.0239964551352678
0.9778932246898168,1.7682164340542956,66.17670600440556,1.426975957876023
0.7833088840903281,-0.9620842486056166,82.12756865608546,0.6398259884123458
0.07748397224859827,0.1739467082377081,4.696889386099212,0.8558143187532186
,0.14830113439111292,80.76600691568437,-0.23441231426146156
0.659010151924292,0.8647733324683334,73.96815764807549,0.855603221844938
0.3511031112466355,-1.3405627531117486,86.6968452779869,0.13802232357421312
0.8838305867389017,-1.3056791681096704,44.595829659005005,1.7944656218800932
0.7365664921339997,0.0943761944704988,5.811790483222645,1.1563552736383602
0.8854587620055738,-0.46735791425585554,13.536044026918958,1.3151779251672613
0.03174029486613561,-0.703423470973437,82.15549515787646,0.6188555394878862
0.7221030638194962,0.6465751432160547,34.08183639531087,0.46882924656845837
0.6761360266307151,1.288152707370169,62.874474811303024,-4.056459076506568
,1.2940787160646594,21.1815870462426,0.12673282587478943
0.4268937287337764,-0.041493125894703074,23.40235409492034,0.5070352112197748
0.7995090259073786,-0.47351614649875035,45.70840001416174,-0.4891610572085501
