square_feet,bedrooms,location_score,owner_name,owner_email,target_price
2036.6589707716125,3,8,REDACTED_NAME_0,test0@example.com,389481.2485630635
1809.9937060757404,3,1,REDACTED_NAME_1,test1@example.com,276583.6353739384
2332.2798226675886,3,4,REDACTED_NAME_2,test2@example.com,393023.54607686854
1364.2054247300582,2,4,REDACTED_NAME_3,test3@example.com,244079.19922805915
2326.2852067702274,4,9,REDACTED_NAME_4,test4@example.com,433509.10688800726
1397.6644896174244,1,2,REDACTED_NAME_5,test5@example.com,236615.32662635017
1288.3746992833076,1,2,REDACTED_NAME_6,test6@example.com,224750.4997747821
1564.4832156700038,2,4,REDACTED_NAME_7,test7@example.com,272604.9589361867
2497.8035229712887,4,8,REDACTED_NAME_8,test8@example.com,463293.7939698093
3034.0379645388593,4,1,REDACTED_NAME_9,test9@example.com,466634.90299504047
1792.7772216659334,2,1,REDACTED_NAME_10,test10@example.com,271461.24377278617
2608.9912176783387,4,2,REDACTED_NAME_11,test11@example.com,415708.78651885025
1703.0504535551574,3,1,REDACTED_NAME_12,test12@example.com,260182.22568746813
1172.3409403533506,2,9,REDACTED_NAME_13,test13@example.com,263513.6084293267
1983.9728145982838,3,1,REDACTED_NAME_14,test14@example.com,309311.990034102
2094.2758837028678,3,6,REDACTED_NAME_15,test15@example.com,378968.1077402573
2160.088447610209,2,1,REDACTED_NAME_16,test16@example.com,330253.98365479894
2085.4880568874237,3,3,REDACTED_NAME_17,test17@example.com,343616.32929031696
1807.0962798506162,3,6,REDACTED_NAME_18,test18@example.com,332746.14144458115
2075.1512563294477,2,4,REDACTED_NAME_19,test19@example.com,344549.32315667375
1397.9573614287528,1,3,REDACTED_NAME_20,test20@example.com,232959.95345818863
1643.9476673797835,3,3,REDACTED_NAME_21,test21@example.com,269577.0735248797
1190.6532068285455,1,6,REDACTED_NAME_22,test22@example.com,242555.82641352242
1784.7197457908667,2,1,REDACTED_NAME_23,test23@example.com,283058.75411343126
1789.0936648058891,2,2,REDACTED_NAME_24,test24@example.com,286271.533840149
2500.005434728696,4,1,REDACTED_NAME_25,test25@example.com,383674.30711135565
2684.790879395524,3,4,REDACTED_NAME_26,test26@example.com,443685.73030463106
2373.992105283477,3,4,REDACTED_NAME_27,test27@example.com,393521.5519105304
1446.7540552081025,2,8,REDACTED_NAME_28,test28@example.com,293284.0753192212
1722.1138737548706,2,4,REDACTED_NAME_29,test29@example.com,297550.3328581782
-359.3902911388341,1,9,REDACTED_NAME_30,test30@example.com,35420.06235867696
1987.5107754452192,3,4,REDACTED_NAME_31,test31@example.com,332821.80954040034
1541.275928729998,2,7,REDACTED_NAME_32,test32@example.com,301103.1375588569
2208.7917877666137,3,8,REDACTED_NAME_33,test33@example.com,414443.8830226396
1836.4030180765365,3,9,REDACTED_NAME_34,test34@example.com,372939.59024663665
1732.9749082135372,2,7,REDACTED_NAME_35,test35@example.com,328459.1575933483
1639.4333324296658,3,5,REDACTED_NAME_36,test36@example.com,303485.4112332739
1972.3111548972468,3,6,REDACTED_NAME_37,test37@example.com,358887.77078243706
2002.100522910316,2,6,REDACTED_NAME_38,test38@example.com,362737.6357077499
2613.1792766585563,4,6,REDACTED_NAME_39,test39@example.com,457950.59828192316
2142.8422225675567,3,3,REDACTED_NAME_40,test40@example.com,340692.04498882557
1632.482796739485,3,7,REDACTED_NAME_41,test41@example.com,325287.0583045974
1157.4884654713628,1,2,REDACTED_NAME_42,test42@example.com,191481.064423098
2349.700924641445,3,4,REDACTED_NAME_43,test43@example.com,397755.57787698956
2173.116702091127,2,2,REDACTED_NAME_44,test44@example.com,342339.9524187182
2114.341831760661,3,4,REDACTED_NAME_45,test45@example.com,359353.4162325496
1706.6618737285119,2,1,REDACTED_NAME_46,test46@example.com,267101.41608163307
2865.71807017048,5,1,REDACTED_NAME_47,test47@example.com,449365.02395690937
1847.1312027068523,3,8,REDACTED_NAME_48,test48@example.com,359864.781545559
2459.7694971578308,4,8,REDACTED_NAME_49,test49@example.com,452176.7449136155
1918.643816121322,4,7,REDACTED_NAME_50,test50@example.com,367876.9236959987
1182.6292239237753,2,9,REDACTED_NAME_51,test51@example.com,268179.81942031725
2014.550229322752,2,5,REDACTED_NAME_52,test52@example.com,350943.0976858602
1788.0196089713356,2,6,REDACTED_NAME_53,test53@example.com,331293.2783891549
1486.6324775292942,2,3,REDACTED_NAME_54,test54@example.com,258778.65438956214
2060.803886722293,3,9,REDACTED_NAME_55,test55@example.com,392473.2735596008
2649.866429930026,4,4,REDACTED_NAME_56,test56@example.com,444700.4695707552
2194.1385701530844,3,1,REDACTED_NAME_57,test57@example.com,329016.8325108596
2557.9424864153034,4,5,REDACTED_NAME_58,test58@example.com,434295.5352391014
2740.8279229396294,4,1,REDACTED_NAME_59,test59@example.com,421988.41636901745
1527.4110846595754,2,7,REDACTED_NAME_60,test60@example.com,289461.80144005927
1498.9654880346275,2,8,REDACTED_NAME_61,test61@example.com,312187.84800507216
1370.1732502218817,2,9,REDACTED_NAME_62,test62@example.com,290467.2542727163
1759.718885403155,2,2,REDACTED_NAME_63,test63@example.com,293711.994962474
2512.1281597726816,5,6,REDACTED_NAME_64,test64@example.com,440268.1680746934
1787.245989144197,2,4,REDACTED_NAME_65,test65@example.com,305628.03698894806
2286.951870762915,4,8,REDACTED_NAME_66,test66@example.com,429524.18969329144
2519.290314313189,4,1,REDACTED_NAME_67,test67@example.com,400719.39318665856
2857.9824308630136,3,1,REDACTED_NAME_68,test68@example.com,454853.0385479765
1866.2792821369053,3,5,REDACTED_NAME_69,test69@example.com,330924.98798688274
1056.8151815723027,1,2,REDACTED_NAME_70,test70@example.com,180816.01422894094
968.6335427114138,1,7,REDACTED_NAME_71,test71@example.com,213977.75238103146
2881.9062304196514,4,6,REDACTED_NAME_72,test72@example.com,490407.02944299986
1529.5438418847757,2,1,REDACTED_NAME_73,test73@example.com,242248.3904339279
1420.533516778111,2,2,REDACTED_NAME_74,test74@example.com,234617.8917689551
1812.5701462963139,4,7,REDACTED_NAME_75,test75@example.com,338882.26410070807
2358.105796020007,3,2,REDACTED_NAME_76,test76@example.com,370323.7480256075
1232.610925189666,2,1,REDACTED_NAME_77,test77@example.com,197466.09861902863
2637.426350834364,4,6,REDACTED_NAME_78,test78@example.com,461960.9876624571
2439.6131875410947,3,7,REDACTED_NAME_79,test79@example.com,439061.8565548286
1596.5528262928979,2,7,REDACTED_NAME_80,test80@example.com,310231.3979015025
2757.4717204093454,4,8,REDACTED_NAME_81,test81@example.com,484545.7395883665
1307.2759160577334,2,3,REDACTED_NAME_82,test82@example.com,222076.9546216452
1685.5872837498816,2,2,REDACTED_NAME_83,test83@example.com,273651.461643392
1923.3019547585639,3,9,REDACTED_NAME_84,test84@example.com,374168.81006079086
1367.9516257960363,2,7,REDACTED_NAME_85,test85@example.com,274595.5566431716
1625.9548196573194,3,7,REDACTED_NAME_86,test86@example.com,303296.2150066214
2027.4051359207633,3,9,REDACTED_NAME_87,test87@example.com,391927.7311545682
2424.209356531083,3,3,REDACTED_NAME_88,test88@example.com,393485.6121984593
933.6173106030835,1,9,REDACTED_NAME_89,test89@example.com,232361.08521253662
1708.4410984072194,3,6,REDACTED_NAME_90,test90@example.com,315512.55724502116
1785.2933824684646,2,5,REDACTED_NAME_91,test91@example.com,306377.428755277
1912.5839098364777,2,7,REDACTED_NAME_92,test92@example.com,364735.2395348471
1692.5577418391613,2,2,REDACTED_NAME_93,test93@example.com,276037.3733695857
1978.3387924357235,2,5,REDACTED_NAME_94,test94@example.com,345430.10493123345
2543.5953309484503,5,9,REDACTED_NAME_95,test95@example.com,483227.09919246123
2385.0801915567913,4,4,REDACTED_NAME_96,test96@example.com,394804.72860140644
1438.4768285747114,2,8,REDACTED_NAME_97,test97@example.com,292776.6643114077
1746.4236295560695,3,2,REDACTED_NAME_98,test98@example.com,275750.5371773678
1774.4597573023261,2,7,REDACTED_NAME_99,test99@example.com,336013.1970630708
1786.899736171673,4,4,REDACTED_NAME_100,test100@example.com,301730.5045733565
1735.1153536576844,3,2,REDACTED_NAME_101,test101@example.com,278457.054404512
2546.682984085972,4,8,REDACTED_NAME_102,test102@example.com,459066.04864288564
2214.479700335315,4,2,REDACTED_NAME_103,test103@example.com,351042.8716062044
1381.57763406308,1,9,REDACTED_NAME_104,test104@example.com,298739.2817493627
3244.735106824154,5,5,REDACTED_NAME_105,test105@example.com,526753.6552791464
3644.410213094063,5,3,REDACTED_NAME_106,test106@example.com,579568.1503770518
1574.024350304483,1,2,REDACTED_NAME_107,test107@example.com,258315.46085140892
1952.3995183440454,2,7,REDACTED_NAME_108,test108@example.com,370128.62587962585
1978.6536816991527,3,9,REDACTED_NAME_109,test109@example.com,385165.3597705243
2722.054494433027,3,2,REDACTED_NAME_110,test110@example.com,423304.5684256265
2522.584236771238,4,7,REDACTED_NAME_111,test111@example.com,453560.7406178243
1589.6401572651625,3,4,REDACTED_NAME_112,test112@example.com,285296.829006411
1651.2401446524282,2,7,REDACTED_NAME_113,test113@example.com,315714.12691681646
1831.995615456361,3,8,REDACTED_NAME_114,test114@example.com,352608.4946776998
2264.3050448603576,4,8,REDACTED_NAME_115,test115@example.com,414624.40155886917
955.1242300464771,1,5,REDACTED_NAME_116,test116@example.com,190018.19735927007
1439.9319027431284,2,5,REDACTED_NAME_117,test117@example.com,270190.13454344386
1700.0298836798524,3,3,REDACTED_NAME_118,test118@example.com,292714.16292213276
1503.8594367114767,2,5,REDACTED_NAME_119,test119@example.com,262882.35503312555
1781.8495940413395,2,8,REDACTED_NAME_120,test120@example.com,344044.78988511616
1651.4840132233958,2,6,REDACTED_NAME_121,test121@example.com,312798.7368912242
1618.402456945875,2,5,REDACTED_NAME_122,test122@example.com,297573.3504445753
1488.783774958194,2,3,REDACTED_NAME_123,test123@example.com,256617.32511796572
965.7449269172691,1,5,REDACTED_NAME_124,test124@example.com,191638.32723775177
2549.682740754274,4,7,REDACTED_NAME_125,test125@example.com,457096.5761873592
1814.466958108071,3,7,REDACTED_NAME_126,test126@example.com,332380.0626955942
1812.4440245647759,3,3,REDACTED_NAME_127,test127@example.com,306174.28845014254
1705.4717171104467,3,9,REDACTED_NAME_128,test128@example.com,350100.13997365755
2515.033925265496,4,5,REDACTED_NAME_129,test129@example.com,426985.0771071043
2092.447078317023,3,5,REDACTED_NAME_130,test130@example.com,359942.03358349076
1500.2165851407287,2,9,REDACTED_NAME_131,test131@example.com,323534.09035368654
2256.121182855345,3,6,REDACTED_NAME_132,test132@example.com,403243.4142496731
2687.191719114619,4,7,REDACTED_NAME_133,test133@example.com,470323.20696266246
2854.963662772364,4,6,REDACTED_NAME_134,test134@example.com,485851.14741224307
2370.2071041955137,4,8,REDACTED_NAME_135,test135@example.com,437292.8626242137
1817.7226943390378,3,5,REDACTED_NAME_136,test136@example.com,326135.64135930606
2487.989806003051,4,1,REDACTED_NAME_137,test137@example.com,388705.4614888551
2083.2075014705833,3,8,REDACTED_NAME_138,test138@example.com,396347.000883957
2185.1557688996604,3,8,REDACTED_NAME_139,test139@example.com,404409.80930014333
2255.0048086333813,2,2,REDACTED_NAME_140,test140@example.com,355346.1562772528
2012.8189981357157,3,2,REDACTED_NAME_141,test141@example.com,328541.32362125773
1726.2465667599608,3,5,REDACTED_NAME_142,test142@example.com,306487.74293966795
1786.0200199093324,2,9,REDACTED_NAME_143,test143@example.com,356024.93567489943
2203.6680956992473,4,6,REDACTED_NAME_144,test144@example.com,395015.9793596378
2132.094533703261,3,7,REDACTED_NAME_145,test145@example.com,393241.0109307813
1824.12643702097,2,7,REDACTED_NAME_146,test146@example.com,350543.8927471634
738.214713824784,1,7,REDACTED_NAME_147,test147@example.com,172406.0910902642
1313.399768499017,2,4,REDACTED_NAME_148,test148@example.com,232146.23542451562
1841.0447238965198,3,8,REDACTED_NAME_149,test149@example.com,363973.5681166234
2433.5560927954725,3,3,REDACTED_NAME_150,test150@example.com,393826.6435873081
2193.393119468138,4,2,REDACTED_NAME_151,test151@example.com,354203.16273942945
2413.59541648599,4,6,REDACTED_NAME_152,test152@example.com,412273.5001431117
2203.6891442626575,3,5,REDACTED_NAME_153,test153@example.com,383521.361392595
1971.3769247643402,3,9,REDACTED_NAME_154,test154@example.com,388732.51937253
1611.8075189423678,3,2,REDACTED_NAME_155,test155@example.com,266040.0965288819
2526.812706880546,3,6,REDACTED_NAME_156,test156@example.com,440043.71037481393
2313.773082812206,3,5,REDACTED_NAME_157,test157@example.com,402326.10138728615
2218.2023485915993,3,5,REDACTED_NAME_158,test158@example.com,381160.4391006743
2605.850175263846,4,6,REDACTED_NAME_159,test159@example.com,449083.80633025145
1861.7199827889858,2,3,REDACTED_NAME_160,test160@example.com,308853.0456288027
1400.2661887382483,2,5,REDACTED_NAME_161,test161@example.com,266943.9560552902
2528.87385606214,5,8,REDACTED_NAME_162,test162@example.com,465683.0005775888
1903.196635429122,4,4,REDACTED_NAME_163,test163@example.com,334073.30283357674
1483.6411320477966,2,2,REDACTED_NAME_164,test164@example.com,249833.31220372388
2415.1115472768815,4,2,REDACTED_NAME_165,test165@example.com,375697.5738112374
2385.638598538323,4,6,REDACTED_NAME_166,test166@example.com,408204.71944763954
2072.1975765140705,4,1,REDACTED_NAME_167,test167@example.com,322541.1110787694
1659.5104267135494,3,3,REDACTED_NAME_168,test168@example.com,272055.5192588531
1701.4149633749576,3,3,REDACTED_NAME_169,test169@example.com,289834.67442358966
2728.204973789524,4,2,REDACTED_NAME_170,test170@example.com,419892.25871447194
2291.455068157794,3,4,REDACTED_NAME_171,test171@example.com,382745.7222142979
2541.737827400875,3,3,REDACTED_NAME_172,test172@example.com,418753.4440972134
1252.943353918598,1,9,REDACTED_NAME_173,test173@example.com,277148.0201409693
2323.257280378081,3,6,REDACTED_NAME_174,test174@example.com,408183.42338195554
1976.5607565442665,3,1,REDACTED_NAME_175,test175@example.com,303759.83429253194
2170.2055995113883,3,8,REDACTED_NAME_176,test176@example.com,410932.7665978125
1669.4324679953368,2,4,REDACTED_NAME_177,test177@example.com,290469.78558577126
2185.031625310449,3,5,REDACTED_NAME_178,test178@example.com,384031.2862760497
2200.2577349196667,3,7,REDACTED_NAME_179,test179@example.com,397615.51647203806
2294.6686604901806,3,9,REDACTED_NAME_180,test180@example.com,436107.9026516103
2769.9380476205374,4,4,REDACTED_NAME_181,test181@example.com,453948.44718785695
2154.0815112482946,2,1,REDACTED_NAME_182,test182@example.com,337102.5116766418
1875.2395661794408,2,4,REDACTED_NAME_183,test183@example.com,322488.07408064196
1338.7477792821628,2,7,REDACTED_NAME_184,test184@example.com,266130.16485243867
2017.743626090624,3,7,REDACTED_NAME_185,test185@example.com,372313.1611017099
2499.9705750825265,3,2,REDACTED_NAME_186,test186@example.com,393457.832077044
2117.2604779728886,3,9,REDACTED_NAME_187,test187@example.com,414601.99068948085
1697.107699340463,2,1,REDACTED_NAME_188,test188@example.com,266438.7519251721
1731.3849235586467,1,4,REDACTED_NAME_189,test189@example.com,293166.98353891954
1568.9082412560297,1,6,REDACTED_NAME_190,test190@example.com,297093.67642998445
2365.3898861169823,3,9,REDACTED_NAME_191,test191@example.com,442572.0288182791
1273.222113128061,2,4,REDACTED_NAME_192,test192@example.com,235708.1508815776
1806.1548942886755,2,9,REDACTED_NAME_193,test193@example.com,355903.0638520384
2031.6819106790015,3,6,REDACTED_NAME_194,test194@example.com,356412.98952834465
2233.9212820189828,3,5,REDACTED_NAME_195,test195@example.com,380746.67769549537
2156.588696817465,4,7,REDACTED_NAME_196,test196@example.com,386420.5363720427
1512.1564248402256,2,9,REDACTED_NAME_197,test197@example.com,326563.6731071893
1853.7863767488136,2,2,REDACTED_NAME_198,test198@example.com,308017.5494123852
2542.678770180076,3,7,REDACTED_NAME_199,test199@example.com,450561.9225411865
1806.168638519983,2,9,REDACTED_NAME_200,test200@example.com,364872.49149118515
1883.5345566310932,3,7,REDACTED_NAME_201,test201@example.com,350227.37140398397
1517.5475841861182,1,3,REDACTED_NAME_202,test202@example.com,249890.06306822906
1705.1497139206554,2,1,REDACTED_NAME_203,test203@example.com,270946.1542315455
2532.1038779023247,3,5,REDACTED_NAME_204,test204@example.com,426663.4025727622
2263.8454172913075,3,4,REDACTED_NAME_205,test205@example.com,386035.77492703474
2442.3771867551322,4,9,REDACTED_NAME_206,test206@example.com,460053.80525808374
1754.6632056534681,3,6,REDACTED_NAME_207,test207@example.com,321906.0999302258
1799.444421570789,2,7,REDACTED_NAME_208,test208@example.com,350441.67728745996
2259.683283279148,3,3,REDACTED_NAME_209,test209@example.com,360928.37733767764
2197.141298045347,3,5,REDACTED_NAME_210,test210@example.com,388275.0263819329
2324.3128688652846,2,4,REDACTED_NAME_211,test211@example.com,378746.4313143586
2301.7676517145333,2,6,REDACTED_NAME_212,test212@example.com,406938.50658278674
1697.0467443503487,2,4,REDACTED_NAME_213,test213@example.com,291991.7147099681
2618.3497109302702,4,3,REDACTED_NAME_214,test214@example.com,419918.8895070444
1862.6950884986136,3,9,REDACTED_NAME_215,test215@example.com,374282.54376546026
2016.7096770673943,3,9,REDACTED_NAME_216,test216@example.com,396850.78491106257
1662.8294586404525,3,1,REDACTED_NAME_217,test217@example.com,258181.8105872419
2348.8441594827946,3,8,REDACTED_NAME_218,test218@example.com,427635.3690826756
1939.4344398284002,2,8,REDACTED_NAME_219,test219@example.com,376261.126597515
1228.2503976883747,1,1,REDACTED_NAME_220,test220@example.com,203440.3577203491
1817.4970869356591,3,7,REDACTED_NAME_221,test221@example.com,336830.1862509527
1613.7334915958863,2,1,REDACTED_NAME_222,test222@example.com,254868.52607616913
1991.72397013939,2,2,REDACTED_NAME_223,test223@example.com,316086.27652706084
1041.8551979802094,1,8,REDACTED_NAME_224,test224@example.com,233403.14599126385
1986.4024228379697,3,9,REDACTED_NAME_225,test225@example.com,388353.5901115883
2318.965560099032,2,2,REDACTED_NAME_226,test226@example.com,366191.03251696087
1258.350547733538,2,3,REDACTED_NAME_227,test227@example.com,215408.1978751921
2158.940096443639,3,5,REDACTED_NAME_228,test228@example.com,369706.15018702036
2591.5734669097915,4,8,REDACTED_NAME_229,test229@example.com,467625.4400218036
1300.7556879444228,2,3,REDACTED_NAME_230,test230@example.com,218043.93872235256
2016.0452099170977,3,1,REDACTED_NAME_231,test231@example.com,310762.2899028531
1504.4322697948016,3,2,REDACTED_NAME_232,test232@example.com,244294.91994903242
1887.358101857336,1,4,REDACTED_NAME_233,test233@example.com,321575.2352487268
2160.420146556539,3,3,REDACTED_NAME_234,test234@example.com,349756.3199346005
2565.21388172341,5,7,REDACTED_NAME_235,test235@example.com,448504.347323479
1831.8187913069771,2,9,REDACTED_NAME_236,test236@example.com,369581.74233897956
1700.66636033052,1,8,REDACTED_NAME_237,test237@example.com,331996.9807640252
2507.8618079590883,4,7,REDACTED_NAME_238,test238@example.com,440457.518539283
1830.372707789022,3,6,REDACTED_NAME_239,test239@example.com,332943.6119437441
1856.89965602285,3,2,REDACTED_NAME_240,test240@example.com,299508.11358965357
1349.744911264007,2,7,REDACTED_NAME_241,test241@example.com,281374.3447861223
2377.434235951516,4,4,REDACTED_NAME_242,test242@example.com,401485.1531395512
1818.8238828670467,2,5,REDACTED_NAME_243,test243@example.com,323507.64088609134
1813.2734846327921,3,7,REDACTED_NAME_244,test244@example.com,345020.8768663928
2180.132050591842,3,6,REDACTED_NAME_245,test245@example.com,383548.0463416437
1913.7253691961976,3,2,REDACTED_NAME_246,test246@example.com,317426.323263312
2504.664941953679,4,2,REDACTED_NAME_247,test247@example.com,390419.7749146823
1985.9279578617168,2,1,REDACTED_NAME_248,test248@example.com,306376.9770190882
1863.0862145942892,3,5,REDACTED_NAME_249,test249@example.com,330015.1905238915
2553.1497021382415,4,6,REDACTED_NAME_250,test250@example.com,438698.04465902294
1741.274392776486,2,6,REDACTED_NAME_251,test251@example.com,327839.0222989206
1696.3001091392566,3,2,REDACTED_NAME_252,test252@example.com,269156.13806871226
1859.4861064673726,3,9,REDACTED_NAME_253,test253@example.com,366394.9818582553
1476.4129862095128,2,2,REDACTED_NAME_254,test254@example.com,249192.86560604532
2774.9903683575353,4,5,REDACTED_NAME_255,test255@example.com,464409.2483075338
2326.853127670719,3,5,REDACTED_NAME_256,test256@example.com,403058.9606558347
2609.4391710096247,3,8,REDACTED_NAME_257,test257@example.com,467539.05695388955
2006.8895776406098,3,2,REDACTED_NAME_258,test258@example.com,319646.36821671313
1651.7196709443565,2,3,REDACTED_NAME_259,test259@example.com,281816.31051048223
2327.9714949071263,3,8,REDACTED_NAME_260,test260@example.com,421732.85080454993
3284.2556808493273,5,9,REDACTED_NAME_261,test261@example.com,575036.9721311801
2394.0708594629323,3,2,REDACTED_NAME_262,test262@example.com,383173.6814852289
1698.2076985803333,3,5,REDACTED_NAME_263,test263@example.com,300772.5458169963
1607.5330458268588,2,8,REDACTED_NAME_264,test264@example.com,331594.6282810306
1079.6935494049178,2,3,REDACTED_NAME_265,test265@example.com,189590.99576742938
1758.6460710493043,2,7,REDACTED_NAME_266,test266@example.com,326641.7530141
2645.6097452917043,4,2,REDACTED_NAME_267,test267@example.com,416706.7913286955
1961.3067409109758,3,5,REDACTED_NAME_268,test268@example.com,343386.48536121997
1858.009786117732,3,9,REDACTED_NAME_269,test269@example.com,367405.4474200404
1572.765517343445,2,3,REDACTED_NAME_270,test270@example.com,264290.8202188897
2349.008025045711,3,2,REDACTED_NAME_271,test271@example.com,369319.6533370706
2639.0693380135635,4,5,REDACTED_NAME_272,test272@example.com,444177.37186043954
1780.34345860738,2,8,REDACTED_NAME_273,test273@example.com,345064.59818975517
1258.7145219343724,1,1,REDACTED_NAME_274,test274@example.com,205419.49793047353
3060.155569030274,4,8,REDACTED_NAME_275,test275@example.com,536466.0470964378
1084.930968173382,1,3,REDACTED_NAME_276,test276@example.com,195555.08193520614
2750.07833344191,4,7,REDACTED_NAME_277,test277@example.com,479906.0003471594
2331.7467729069135,3,4,REDACTED_NAME_278,test278@example.com,394342.207781451
2568.662952705329,4,5,REDACTED_NAME_279,test279@example.com,432663.8151025646
1931.7572175929286,2,4,REDACTED_NAME_280,test280@example.com,337024.6227373261
1819.252243532379,3,6,REDACTED_NAME_281,test281@example.com,335311.4500794439
1312.0246324668647,2,9,REDACTED_NAME_282,test282@example.com,283471.69680256216
1286.3774905347168,2,8,REDACTED_NAME_283,test283@example.com,270022.58554610953
1728.049726163149,3,3,REDACTED_NAME_284,test284@example.com,290900.0052981071
1408.1382498213677,2,6,REDACTED_NAME_285,test285@example.com,272032.7535489851
1804.3864250944475,3,7,REDACTED_NAME_286,test286@example.com,337502.94970921933
2481.5202752561254,4,1,REDACTED_NAME_287,test287@example.com,383144.8987144742
1899.4199671229321,3,1,REDACTED_NAME_288,test288@example.com,297581.23543126014
1139.2404624802052,1,4,REDACTED_NAME_289,test289@example.com,208259.37524282583
1729.0128015393357,2,3,REDACTED_NAME_290,test290@example.com,294410.08601230226
1886.285360956152,2,5,REDACTED_NAME_291,test291@example.com,333946.88717528444
1965.0431400802966,2,8,REDACTED_NAME_292,test292@example.com,380965.5215699916
2508.0117064267765,3,2,REDACTED_NAME_293,test293@example.com,399059.8847902774
1446.6173076107048,2,4,REDACTED_NAME_294,test294@example.com,260345.90164142512
2206.938993426234,3,2,REDACTED_NAME_295,test295@example.com,354962.5390938621
1853.8899963070787,3,5,REDACTED_NAME_296,test296@example.com,328535.32417046255
1361.1822080033958,1,1,REDACTED_NAME_297,test297@example.com,213814.70621796086
2718.0469648832604,4,8,REDACTED_NAME_298,test298@example.com,479880.65900036617
1455.4572529263016,2,8,REDACTED_NAME_299,test299@example.com,300803.7845177249
1835.240072182919,3,2,REDACTED_NAME_300,test300@example.com,293709.88328900374
1895.3238788822223,3,1,REDACTED_NAME_301,test301@example.com,295595.78445315186
1911.598702164204,4,9,REDACTED_NAME_302,test302@example.com,378273.0546517493
1458.7042066500708,2,2,REDACTED_NAME_303,test303@example.com,244935.7004237592
1727.3551673470477,2,8,REDACTED_NAME_304,test304@example.com,340337.0744750441
827.1539218558939,1,3,REDACTED_NAME_305,test305@example.com,149609.72275533326
2131.166179684738,3,4,REDACTED_NAME_306,test306@example.com,359708.87523358496
1301.4914261740932,1,8,REDACTED_NAME_307,test307@example.com,271456.96423897287
2699.099511173344,4,2,REDACTED_NAME_308,test308@example.com,428775.0417911029
1475.0735588921266,3,5,REDACTED_NAME_309,test309@example.com,271953.0572329706
2276.71022475009,4,1,REDACTED_NAME_310,test310@example.com,348715.7917173276
1502.3524969047385,2,1,REDACTED_NAME_311,test311@example.com,234553.67706731343
1776.205133314023,2,9,REDACTED_NAME_312,test312@example.com,358346.5359134959
1667.964341122158,2,8,REDACTED_NAME_313,test313@example.com,329191.9638835732
2065.377615558911,3,7,REDACTED_NAME_314,test314@example.com,377039.35876557935
1775.2663401190498,2,1,REDACTED_NAME_315,test315@example.com,273710.47721520264
3658.0288236555434,5,6,REDACTED_NAME_316,test316@example.com,612315.0629102682
1675.3984515049385,2,8,REDACTED_NAME_317,test317@example.com,337910.4110708625
1333.2383641810047,1,3,REDACTED_NAME_318,test318@example.com,233336.5872474039
2693.890804059194,4,9,REDACTED_NAME_319,test319@example.com,506428.6503811023
1811.5973881848759,2,8,REDACTED_NAME_320,test320@example.com,343436.7036109154
2561.7901437264213,4,9,REDACTED_NAME_321,test321@example.com,476865.96808426984
2105.043354127285,3,5,REDACTED_NAME_322,test322@example.com,363470.18882959126
2860.332905946439,4,9,REDACTED_NAME_323,test323@example.com,518526.48771128745
2497.2119957606797,4,8,REDACTED_NAME_324,test324@example.com,452157.23364871106
2520.7001921017327,4,2,REDACTED_NAME_325,test325@example.com,392496.8770388436
2194.257209744748,4,3,REDACTED_NAME_326,test326@example.com,352742.0456632176
1924.1013692751246,3,3,REDACTED_NAME_327,test327@example.com,327713.49810903403
1971.5724331209108,3,5,REDACTED_NAME_328,test328@example.com,352176.0093388261
1750.3948857581133,3,6,REDACTED_NAME_329,test329@example.com,321588.79350231146
2433.632066254198,3,3,REDACTED_NAME_330,test330@example.com,397043.5655306233
2074.2639778864304,3,6,REDACTED_NAME_331,test331@example.com,361101.67887167464
1959.2028434566168,3,3,REDACTED_NAME_332,test332@example.com,318573.8068994904
1722.041240567858,2,4,REDACTED_NAME_333,test333@example.com,302771.43796873296
2204.824985460595,3,6,REDACTED_NAME_334,test334@example.com,391863.02257795393
1970.7020529807382,3,8,REDACTED_NAME_335,test335@example.com,375430.32814330957
2477.592857207777,4,7,REDACTED_NAME_336,test336@example.com,446188.5783072597
1993.0966958960864,3,6,REDACTED_NAME_337,test337@example.com,358208.20109342155
1943.683360817838,3,4,REDACTED_NAME_338,test338@example.com,331465.2967411402
3082.920121906665,3,5,REDACTED_NAME_339,test339@example.com,510246.516329835
1807.3664850164157,2,3,REDACTED_NAME_340,test340@example.com,297724.11943523743
1402.569799017655,2,7,REDACTED_NAME_341,test341@example.com,272805.4831935663
2219.7176462070606,3,5,REDACTED_NAME_342,test342@example.com,384714.31384219765
1794.4720880590392,2,3,REDACTED_NAME_343,test343@example.com,295357.43955990754
2118.9504262304094,3,9,REDACTED_NAME_344,test344@example.com,404263.156179248
1933.4432207152754,3,6,REDACTED_NAME_345,test345@example.com,352146.3337933529
1294.1931683939536,2,6,REDACTED_NAME_346,test346@example.com,255316.09334915073
2158.468496063573,3,9,REDACTED_NAME_347,test347@example.com,422016.4131206488
2184.0734286030015,3,2,REDACTED_NAME_348,test348@example.com,350462.9010415676
2730.225053965023,5,5,REDACTED_NAME_349,test349@example.com,470946.77064032
1824.5250078910174,3,4,REDACTED_NAME_350,test350@example.com,306595.84052127623
2324.8186732169465,3,4,REDACTED_NAME_351,test351@example.com,386596.1863808066
2163.324751054119,3,8,REDACTED_NAME_352,test352@example.com,398832.47991897404
2495.850810518759,3,5,REDACTED_NAME_353,test353@example.com,419227.1083699936
2353.0948930737663,3,6,REDACTED_NAME_354,test354@example.com,410016.78940207383
2465.549885570826,4,1,REDACTED_NAME_355,test355@example.com,388532.7394178025
2305.040724466189,3,7,REDACTED_NAME_356,test356@example.com,425345.0734659306
1836.7948168303683,3,3,REDACTED_NAME_357,test357@example.com,308734.8489590692
1581.5721054018284,3,8,REDACTED_NAME_358,test358@example.com,319677.53402049764
1918.5260711016226,2,7,REDACTED_NAME_359,test359@example.com,361020.86532576586
1804.0525994415157,3,1,REDACTED_NAME_360,test360@example.com,279550.2194355043
1492.5875089988076,2,2,REDACTED_NAME_361,test361@example.com,236839.9596614118
1943.5225016892514,3,4,REDACTED_NAME_362,test362@example.com,330578.1760611686
2461.203228692092,4,9,REDACTED_NAME_363,test363@example.com,450106.6071038423
2818.0286967913207,4,7,REDACTED_NAME_364,test364@example.com,497811.37454324233
1984.8804519587204,3,1,REDACTED_NAME_365,test365@example.com,311908.7724178479
589.2067711877864,1,9,REDACTED_NAME_366,test366@example.com,176631.79021726255
2043.428467532678,3,1,REDACTED_NAME_367,test367@example.com,316385.6936076711
2093.6306366311246,3,2,REDACTED_NAME_368,test368@example.com,329428.23514773586
1854.9319425811843,2,9,REDACTED_NAME_369,test369@example.com,370849.5718520804
1902.4826780082597,3,6,REDACTED_NAME_370,test370@example.com,340761.0821688645
1530.2710478518352,2,9,REDACTED_NAME_371,test371@example.com,330883.0969641112
2908.382183673296,4,2,REDACTED_NAME_372,test372@example.com,450309.3339991234
1767.688538878762,2,1,REDACTED_NAME_373,test373@example.com,281890.55582167965
2178.4316923672673,4,6,REDACTED_NAME_374,test374@example.com,382563.8240350192
1216.9240342373632,2,7,REDACTED_NAME_375,test375@example.com,258392.6371890768
1528.3104223150806,3,2,REDACTED_NAME_376,test376@example.com,257207.53401791365
1988.520077637417,1,4,REDACTED_NAME_377,test377@example.com,339768.2682846379
2382.753667976385,3,3,REDACTED_NAME_378,test378@example.com,386104.0328538071
2168.611693867134,3,6,REDACTED_NAME_379,test379@example.com,389527.7510525658
1818.4269411789558,2,7,REDACTED_NAME_380,test380@example.com,344561.21099523833
1224.031787234068,2,6,REDACTED_NAME_381,test381@example.com,241299.39268417863
1821.366570346272,3,2,REDACTED_NAME_382,test382@example.com,300322.8216196639
2819.358783039349,4,6,REDACTED_NAME_383,test383@example.com,483883.21859910584
1497.1811425244978,2,8,REDACTED_NAME_384,test384@example.com,307326.7926192153
1939.5939557604368,3,7,REDACTED_NAME_385,test385@example.com,361269.51307247137
1267.2723053262175,3,4,REDACTED_NAME_386,test386@example.com,232402.17052012522
1693.0433637194428,2,1,REDACTED_NAME_387,test387@example.com,267493.60076686746
2266.490494006676,5,5,REDACTED_NAME_388,test388@example.com,384157.91386015166
2532.737984906336,4,5,REDACTED_NAME_389,test389@example.com,431467.375656181
2031.374720670659,3,4,REDACTED_NAME_390,test390@example.com,343361.4951131486
2168.991243880251,3,2,REDACTED_NAME_391,test391@example.com,347347.9099936559
2046.4135931873345,3,6,REDACTED_NAME_392,test392@example.com,370475.68195009866
2368.8751218282805,5,3,REDACTED_NAME_393,test393@example.com,394939.48703232704
1904.9198353898105,2,5,REDACTED_NAME_394,test394@example.com,335194.67559774476
1255.7097603117504,1,1,REDACTED_NAME_395,test395@example.com,205459.44462168048
2219.1542293146867,4,5,REDACTED_NAME_396,test396@example.com,382566.06219682185
1707.8603450073106,3,5,REDACTED_NAME_397,test397@example.com,300984.7552051996
2360.068585003807,4,1,REDACTED_NAME_398,test398@example.com,365438.31513225444
1851.9800150325987,3,9,REDACTED_NAME_399,test399@example.com,370540.49517605104
2106.772481421884,3,9,REDACTED_NAME_400,test400@example.com,402256.26010084467
1750.9649108310625,3,8,REDACTED_NAME_401,test401@example.com,336952.0694838702
1870.6008957327706,3,4,REDACTED_NAME_402,test402@example.com,317679.01130340406
1729.658406734781,3,8,REDACTED_NAME_403,test403@example.com,335453.9104442713
1552.4408445077165,2,5,REDACTED_NAME_404,test404@example.com,280352.2077818455
1730.8180773326578,2,4,REDACTED_NAME_405,test405@example.com,302297.1634334752
2746.003282514447,4,6,REDACTED_NAME_406,test406@example.com,472200.4588140324
1962.89489680497,3,1,REDACTED_NAME_407,test407@example.com,309131.3711343723
1660.9177903528725,4,6,REDACTED_NAME_408,test408@example.com,314558.94801166677
2307.145513556418,4,8,REDACTED_NAME_409,test409@example.com,423724.57697711024
1645.2637076227682,2,3,REDACTED_NAME_410,test410@example.com,281472.6244420523
2811.3356368945715,4,6,REDACTED_NAME_411,test411@example.com,483527.0401619435
1494.4299708935964,2,4,REDACTED_NAME_412,test412@example.com,261593.02519117002
1502.1540052377015,2,8,REDACTED_NAME_413,test413@example.com,307223.7361091012
1427.5251737190931,2,5,REDACTED_NAME_414,test414@example.com,269408.92397767334
1136.4886795843267,1,1,REDACTED_NAME_415,test415@example.com,189549.53831347346
2541.5146676075365,4,5,REDACTED_NAME_416,test416@example.com,427398.0634249722
2729.2603335682024,3,7,REDACTED_NAME_417,test417@example.com,467568.2264758624
3143.5633069677797,4,2,REDACTED_NAME_418,test418@example.com,490876.2731160191
1901.7522691491922,2,8,REDACTED_NAME_419,test419@example.com,368534.1700785095
2339.598942327657,3,5,REDACTED_NAME_420,test420@example.com,399843.26227336307
1458.6386636343864,1,1,REDACTED_NAME_421,test421@example.com,226428.90432382686
1812.892687182337,2,8,REDACTED_NAME_422,test422@example.com,349373.76151699916
2255.301667951207,3,9,REDACTED_NAME_423,test423@example.com,438847.34797590453
1555.0628368031364,1,8,REDACTED_NAME_424,test424@example.com,311700.3475595275
2409.449724089385,4,4,REDACTED_NAME_425,test425@example.com,402263.4388470959
1661.9540157553124,3,6,REDACTED_NAME_426,test426@example.com,311457.8533335834
1569.6792818104923,2,4,REDACTED_NAME_427,test427@example.com,279164.6316512295
2199.995049102136,3,3,REDACTED_NAME_428,test428@example.com,364450.9090483383
1986.4360170638727,2,2,REDACTED_NAME_429,test429@example.com,318398.28249332326
989.4426085042832,1,1,REDACTED_NAME_430,test430@example.com,165476.98295352852
1721.842313372631,2,5,REDACTED_NAME_431,test431@example.com,304776.3497465417
2349.1595721338144,4,4,REDACTED_NAME_432,test432@example.com,386791.77385290776
1515.981301322213,2,3,REDACTED_NAME_433,test433@example.com,265555.4013797085
1882.265707018229,3,2,REDACTED_NAME_434,test434@example.com,302772.45294032607
2222.103606439144,3,2,REDACTED_NAME_435,test435@example.com,357086.93988502474
3460.0002185564035,5,6,REDACTED_NAME_436,test436@example.com,580279.9751348636
2374.121760316363,4,3,REDACTED_NAME_437,test437@example.com,381391.22558415594
2248.5511364005597,3,2,REDACTED_NAME_438,test438@example.com,359489.6586834188
1824.03512849286,3,7,REDACTED_NAME_439,test439@example.com,338922.219146856
2237.7112294828053,3,5,REDACTED_NAME_440,test440@example.com,383138.63163833035
2074.170159573074,3,3,REDACTED_NAME_441,test441@example.com,340420.48960126523
1396.3876727515758,1,8,REDACTED_NAME_442,test442@example.com,278193.89486115397
2160.1512288319536,2,1,REDACTED_NAME_443,test443@example.com,333092.4937216875
3276.05949730566,4,9,REDACTED_NAME_444,test444@example.com,581214.0693043955
1917.499670489962,3,1,REDACTED_NAME_445,test445@example.com,300805.6442046936
2480.595437937721,5,2,REDACTED_NAME_446,test446@example.com,392187.64816668787
1712.3219915938887,2,1,REDACTED_NAME_447,test447@example.com,264007.6545370387
1761.8098964817377,3,9,REDACTED_NAME_448,test448@example.com,355648.9690425939
2537.9928285532615,5,9,REDACTED_NAME_449,test449@example.com,467490.7039530063
1621.8295117476227,3,9,REDACTED_NAME_450,test450@example.com,335608.82072724425
2540.8854671565077,4,4,REDACTED_NAME_451,test451@example.com,425595.41345235205
2414.4731153121274,4,5,REDACTED_NAME_452,test452@example.com,401599.15257374017
1804.7000740742192,1,6,REDACTED_NAME_453,test453@example.com,327341.4696773438
1315.5002918848277,2,7,REDACTED_NAME_454,test454@example.com,279679.8972478697
1408.7998242695776,2,8,REDACTED_NAME_455,test455@example.com,292920.7068802311
2255.475432547095,3,8,REDACTED_NAME_456,test456@example.com,413999.61146653094
2173.4351533257254,3,5,REDACTED_NAME_457,test457@example.com,378156.23203467455
2998.1702455026702,5,2,REDACTED_NAME_458,test458@example.com,470108.9510224528
2847.7035211206617,4,9,REDACTED_NAME_459,test459@example.com,516668.94527586113
2821.006136363346,4,6,REDACTED_NAME_460,test460@example.com,479226.2868692989
2098.629314542563,3,6,REDACTED_NAME_461,test461@example.com,369857.2945990267
3173.6683923179557,5,5,REDACTED_NAME_462,test462@example.com,527607.758207321
2515.950907031141,4,7,REDACTED_NAME_463,test463@example.com,451797.6975258493
2287.742288217611,3,4,REDACTED_NAME_464,test464@example.com,381845.6782130142
1485.9487510198915,3,2,REDACTED_NAME_465,test465@example.com,240439.89951441396
1586.2613025222768,2,8,REDACTED_NAME_466,test466@example.com,307923.1863701118
1022.5680674589121,1,4,REDACTED_NAME_467,test467@example.com,190326.99361112647
3045.52601360362,5,1,REDACTED_NAME_468,test468@example.com,468536.7102052532
1082.8064913284925,2,5,REDACTED_NAME_469,test469@example.com,209967.98267108877
621.0922580056522,1,5,REDACTED_NAME_470,test470@example.com,134853.81126804097
1459.2132555109206,1,7,REDACTED_NAME_471,test471@example.com,285479.3351017865
1423.1219343765038,2,7,REDACTED_NAME_472,test472@example.com,283415.2204529816
1962.4981647027066,4,4,REDACTED_NAME_473,test473@example.com,337068.8129091325
2099.9478946341737,3,1,REDACTED_NAME_474,test474@example.com,319676.2472315052
2715.4525551865418,5,9,REDACTED_NAME_475,test475@example.com,492905.41740326193
1775.6439741164866,3,7,REDACTED_NAME_476,test476@example.com,333719.020007253
1706.5890534278824,3,8,REDACTED_NAME_477,test477@example.com,340883.04711436987
2416.4471392492305,4,6,REDACTED_NAME_478,test478@example.com,426596.42469529645
1503.66394538121,2,1,REDACTED_NAME_479,test479@example.com,240162.56294535776
2144.049385948836,3,5,REDACTED_NAME_480,test480@example.com,367849.8001599139
1472.6673028665002,1,5,REDACTED_NAME_481,test481@example.com,268513.8347871543
1781.7490579397893,2,8,REDACTED_NAME_482,test482@example.com,342486.7215977153
2708.494830650987,4,8,REDACTED_NAME_483,test483@example.com,481214.103662652
1182.7053868878581,1,5,REDACTED_NAME_484,test484@example.com,218711.12039708497
2444.8723397503736,3,3,REDACTED_NAME_485,test485@example.com,396819.9406639879
1241.3493882541038,2,2,REDACTED_NAME_486,test486@example.com,201901.02249743495
1609.7573403950519,2,5,REDACTED_NAME_487,test487@example.com,295021.43943241367
1745.3215032348226,3,1,REDACTED_NAME_488,test488@example.com,280560.82824062894
1719.2800462656091,2,5,REDACTED_NAME_489,test489@example.com,312688.8384065961
2587.4689994297,3,5,REDACTED_NAME_490,test490@example.com,437829.2632745805
2072.153902568765,3,5,REDACTED_NAME_491,test491@example.com,363527.03720764205
2407.855973315356,4,2,REDACTED_NAME_492,test492@example.com,382155.1689074374
1238.7344135235483,1,8,REDACTED_NAME_493,test493@example.com,261247.09738244963
2497.9925180599375,4,1,REDACTED_NAME_494,test494@example.com,386618.5889301378
2518.862439788352,5,3,REDACTED_NAME_495,test495@example.com,411159.8464222715
1855.2484669097023,3,1,REDACTED_NAME_496,test496@example.com,287161.76273652964
1834.4805547953738,2,4,REDACTED_NAME_497,test497@example.com,311605.5366043483
1662.2272402828892,2,3,REDACTED_NAME_498,test498@example.com,279608.1921594648
1632.759645651884,3,7,REDACTED_NAME_499,test499@example.com,307648.91234897694
1777.4415077185524,2,2,REDACTED_NAME_500,test500@example.com,289570.08966380416
1958.2323492094326,2,8,REDACTED_NAME_501,test501@example.com,370144.3112705816
2000.0780803548578,3,6,REDACTED_NAME_502,test502@example.com,360745.5910761417
2089.0317956626986,3,6,REDACTED_NAME_503,test503@example.com,370123.35500099364
1825.8033255596165,3,6,REDACTED_NAME_504,test504@example.com,337712.23126287246
2010.936152407865,3,6,REDACTED_NAME_505,test505@example.com,355598.5520669065
1503.9223510119105,2,6,REDACTED_NAME_506,test506@example.com,285504.9054855274
1578.391404430452,2,9,REDACTED_NAME_507,test507@example.com,332561.5876115533
1895.7136699424245,3,9,REDACTED_NAME_508,test508@example.com,376099.945539524
2674.6768532596243,4,5,REDACTED_NAME_509,test509@example.com,445369.06136791717
2294.694023749575,4,5,REDACTED_NAME_510,test510@example.com,386442.0523388979
1763.6629546997933,3,4,REDACTED_NAME_511,test511@example.com,304403.7258065459
2356.5726894379322,3,3,REDACTED_NAME_512,test512@example.com,386978.34451137256
1973.9830833565404,2,5,REDACTED_NAME_513,test513@example.com,346644.39628642163
1233.7181285318534,1,3,REDACTED_NAME_514,test514@example.com,207365.6997483042
1721.055625727722,3,1,REDACTED_NAME_515,test515@example.com,272572.9122606177
1812.3609193598993,3,4,REDACTED_NAME_516,test516@example.com,316139.0545804925
3097.975613642955,5,1,REDACTED_NAME_517,test517@example.com,473053.4152673821
1670.9146591402277,3,7,REDACTED_NAME_518,test518@example.com,323810.592156973
1079.955995585442,1,4,REDACTED_NAME_519,test519@example.com,199289.43581092998
2358.1398538810827,4,9,REDACTED_NAME_520,test520@example.com,446040.5457157385
2169.2450582797246,4,4,REDACTED_NAME_521,test521@example.com,362559.29311036324
1995.8301211825835,3,9,REDACTED_NAME_522,test522@example.com,382944.935664983
2203.045387205228,3,7,REDACTED_NAME_523,test523@example.com,396236.60689249326
1980.010624557438,2,8,REDACTED_NAME_524,test524@example.com,377330.9057100172
2638.167564096907,4,1,REDACTED_NAME_525,test525@example.com,403502.1824878902
1362.8144177345166,2,5,REDACTED_NAME_526,test526@example.com,261125.32638248178
2768.3710721736084,3,9,REDACTED_NAME_527,test527@example.com,508827.7413838222
2254.617107602088,3,3,REDACTED_NAME_528,test528@example.com,370167.2238336374
2397.111481085973,3,8,REDACTED_NAME_529,test529@example.com,438920.8688310334
2193.5674098682007,3,8,REDACTED_NAME_530,test530@example.com,406487.34867054364
1624.0860320659126,2,2,REDACTED_NAME_531,test531@example.com,265104.42296007037
2535.7384744595574,3,7,REDACTED_NAME_532,test532@example.com,443845.35799956165
2279.8093855002708,4,1,REDACTED_NAME_533,test533@example.com,356023.3940381168
1980.8346207815464,2,3,REDACTED_NAME_534,test534@example.com,328672.2345055594
2109.701232336036,3,8,REDACTED_NAME_535,test535@example.com,396062.69126654346
1648.1182479791355,2,4,REDACTED_NAME_536,test536@example.com,287218.8040582257
2514.9027807230964,4,7,REDACTED_NAME_537,test537@example.com,448487.547016008
1250.1987875129128,2,8,REDACTED_NAME_538,test538@example.com,280071.51770710945
1384.361550577778,1,8,REDACTED_NAME_539,test539@example.com,287832.83819165145
3074.7080045208777,4,8,REDACTED_NAME_540,test540@example.com,530407.559079051
1641.6057410665442,1,3,REDACTED_NAME_541,test541@example.com,273141.24486318626
1946.6571634936477,3,7,REDACTED_NAME_542,test542@example.com,358015.5182070287
2936.542712117767,5,2,REDACTED_NAME_543,test543@example.com,451408.1184930554
1671.0983613474175,2,9,REDACTED_NAME_544,test544@example.com,342214.1716906041
1964.5062338545615,3,4,REDACTED_NAME_545,test545@example.com,329995.22457370366
2275.250725408911,3,2,REDACTED_NAME_546,test546@example.com,359609.4698368342
2436.5497411156575,3,7,REDACTED_NAME_547,test547@example.com,440102.27989852184
2242.2066461109093,3,1,REDACTED_NAME_548,test548@example.com,347154.19419642875
2433.2878859133566,3,6,REDACTED_NAME_549,test549@example.com,426054.34093398234
1481.471481746252,2,3,REDACTED_NAME_550,test550@example.com,243762.35032103045
2179.397292246487,3,5,REDACTED_NAME_551,test551@example.com,368947.1599050088
2071.639008041053,3,4,REDACTED_NAME_552,test552@example.com,352857.9665556511
1874.7951773963975,2,5,REDACTED_NAME_553,test553@example.com,330581.226626125
2534.7704916405755,5,6,REDACTED_NAME_554,test554@example.com,440963.48140448495
1613.1356097660598,2,5,REDACTED_NAME_555,test555@example.com,285657.77591804095
2156.3651845024397,3,4,REDACTED_NAME_556,test556@example.com,362926.35573706415
2368.731663662991,3,3,REDACTED_NAME_557,test557@example.com,390765.2133795754
2237.4632506888065,4,7,REDACTED_NAME_558,test558@example.com,397616.9283430813
2364.1360418179875,3,2,REDACTED_NAME_559,test559@example.com,370904.0338292202
1077.2049407942286,1,3,REDACTED_NAME_560,test560@example.com,190440.35230538718
2000.4552043742497,2,2,REDACTED_NAME_561,test561@example.com,315147.22104755614
2690.205383326438,4,4,REDACTED_NAME_562,test562@example.com,434369.8499766864
2940.9981459267137,4,7,REDACTED_NAME_563,test563@example.com,501941.5175081849
2414.1897677270554,3,1,REDACTED_NAME_564,test564@example.com,379278.85505595215
2132.479886373487,2,5,REDACTED_NAME_565,test565@example.com,366531.5220766523
2257.5455308159967,2,5,REDACTED_NAME_566,test566@example.com,393232.41992334294
2084.5869506310696,3,9,REDACTED_NAME_567,test567@example.com,405719.65190469817
1949.6729483671531,3,9,REDACTED_NAME_568,test568@example.com,380015.1309204875
1872.9892372507168,3,3,REDACTED_NAME_569,test569@example.com,303194.7475960763
1450.4168850328615,1,2,REDACTED_NAME_570,test570@example.com,235790.03666130244
2244.0094565496647,2,6,REDACTED_NAME_571,test571@example.com,396300.5467800284
1817.0297535552183,3,8,REDACTED_NAME_572,test572@example.com,342750.6028058473
1532.0928068379314,2,5,REDACTED_NAME_573,test573@example.com,286002.9700343397
1708.6429879443112,2,2,REDACTED_NAME_574,test574@example.com,275568.9098677731
1950.4124341178413,3,2,REDACTED_NAME_575,test575@example.com,311105.5444613879
2201.59050915881,3,2,REDACTED_NAME_576,test576@example.com,354829.5762340326
2186.2307643172308,3,4,REDACTED_NAME_577,test577@example.com,370047.8875808614
2777.8828735100246,5,1,REDACTED_NAME_578,test578@example.com,423672.14622217446
2060.562679672653,4,2,REDACTED_NAME_579,test579@example.com,336800.78160818416
1697.672663602509,2,7,REDACTED_NAME_580,test580@example.com,322280.8930814188
1830.03162056548,2,2,REDACTED_NAME_581,test581@example.com,289996.8160489062
1513.0062431313313,3,7,REDACTED_NAME_582,test582@example.com,301349.13946803357
2448.2673936541505,4,1,REDACTED_NAME_583,test583@example.com,384265.2416284335
1728.2150418010567,3,2,REDACTED_NAME_584,test584@example.com,282273.06149432424
2410.8667068115183,4,4,REDACTED_NAME_585,test585@example.com,406115.8237959131
2763.702700305649,4,7,REDACTED_NAME_586,test586@example.com,486253.1924596529
2307.0299004101144,3,1,REDACTED_NAME_587,test587@example.com,348249.55587106454
2637.9887063660217,5,9,REDACTED_NAME_588,test588@example.com,481489.32767464704
2233.861244472764,2,1,REDACTED_NAME_589,test589@example.com,340517.277989569
2660.416170507876,4,6,REDACTED_NAME_590,test590@example.com,461425.2387032039
1248.6890520887237,2,5,REDACTED_NAME_591,test591@example.com,241891.4348196223
1801.0124909497342,2,6,REDACTED_NAME_592,test592@example.com,331053.8052260074
1892.4894766342009,2,6,REDACTED_NAME_593,test593@example.com,348642.4213869697
1915.2197194842322,3,5,REDACTED_NAME_594,test594@example.com,337871.7301054782
1545.7907059814181,2,2,REDACTED_NAME_595,test595@example.com,255004.96182815652
1802.6874763720455,3,2,REDACTED_NAME_596,test596@example.com,299700.2305071332
2594.8974308055654,5,3,REDACTED_NAME_597,test597@example.com,412714.22064699046
1785.678031569402,3,3,REDACTED_NAME_598,test598@example.com,298136.2920336497
2408.9101217442653,3,8,REDACTED_NAME_599,test599@example.com,441488.3391328157
1693.381955919092,2,2,REDACTED_NAME_600,test600@example.com,279250.67185907916
2483.731627647726,4,9,REDACTED_NAME_601,test601@example.com,465039.82202654023
1672.4719116232059,3,1,REDACTED_NAME_602,test602@example.com,262390.80300947523
1922.7481096551796,2,7,REDACTED_NAME_603,test603@example.com,348323.5113579773
1761.828963593756,3,4,REDACTED_NAME_604,test604@example.com,306603.093245486
2341.7243950524603,3,5,REDACTED_NAME_605,test605@example.com,398223.0379260656
2274.6528259365346,3,5,REDACTED_NAME_606,test606@example.com,389391.9536805323
1767.6722327586442,2,4,REDACTED_NAME_607,test607@example.com,300301.3908996007
1372.6172527124131,2,5,REDACTED_NAME_608,test608@example.com,252879.17349156173
1728.2764662089432,2,6,REDACTED_NAME_609,test609@example.com,316950.64198924403
1983.5628001802295,3,2,REDACTED_NAME_610,test610@example.com,320444.0070806357
1546.779684646142,2,4,REDACTED_NAME_611,test611@example.com,267863.1722422856
1766.1485089749965,3,7,REDACTED_NAME_612,test612@example.com,336716.3854842773
1774.2662735039405,3,2,REDACTED_NAME_613,test613@example.com,285172.7487513022
1576.1165827376735,2,3,REDACTED_NAME_614,test614@example.com,268141.1458705814
1620.9432808836864,2,9,REDACTED_NAME_615,test615@example.com,331306.47514745087
1315.8071076557203,1,8,REDACTED_NAME_616,test616@example.com,272982.51168809267
2630.854010201483,3,9,REDACTED_NAME_617,test617@example.com,478309.1504405375
1981.0051797481522,3,8,REDACTED_NAME_618,test618@example.com,377326.4851778436
2930.353899782207,5,9,REDACTED_NAME_619,test619@example.com,527002.5599859479
1442.8500210603186,2,5,REDACTED_NAME_620,test620@example.com,270247.9761488915
1270.4326248221905,2,7,REDACTED_NAME_621,test621@example.com,258187.00615956532
2084.6590911355306,3,8,REDACTED_NAME_622,test622@example.com,398515.9963419548
1271.6040473105322,1,4,REDACTED_NAME_623,test623@example.com,226499.89344930233
2607.01008794032,3,4,REDACTED_NAME_624,test624@example.com,437258.9533610958
3203.967747826554,5,9,REDACTED_NAME_625,test625@example.com,567490.131355237
2821.7416129838957,4,3,REDACTED_NAME_626,test626@example.com,448221.2217130502
1544.973657649777,2,6,REDACTED_NAME_627,test627@example.com,293285.8233126017
2051.6324235602574,3,3,REDACTED_NAME_628,test628@example.com,335985.5484077451
2794.778621394619,5,4,REDACTED_NAME_629,test629@example.com,454798.6035278419
1273.1773773844527,2,4,REDACTED_NAME_630,test630@example.com,237229.03858695732
1172.7553984787319,1,5,REDACTED_NAME_631,test631@example.com,226797.2915333041
1928.8669823203124,3,7,REDACTED_NAME_632,test632@example.com,359856.15561559034
1862.0221743152854,4,5,REDACTED_NAME_633,test633@example.com,326453.168082291
1256.1700666708814,1,2,REDACTED_NAME_634,test634@example.com,204780.38612593975
2493.9759803286524,4,9,REDACTED_NAME_635,test635@example.com,468069.40336615284
1473.1998342013562,2,3,REDACTED_NAME_636,test636@example.com,249913.14574794556
1532.1489303927433,1,4,REDACTED_NAME_637,test637@example.com,263512.2933041951
2307.9377552558885,3,7,REDACTED_NAME_638,test638@example.com,407354.0136465491
3096.219701791795,5,9,REDACTED_NAME_639,test639@example.com,552588.530467039
1785.4151562206043,2,7,REDACTED_NAME_640,test640@example.com,336997.57097488036
1420.6181239447042,2,6,REDACTED_NAME_641,test641@example.com,267981.8899367562
3307.847242434377,5,5,REDACTED_NAME_642,test642@example.com,540233.8712138024
2617.8536732710377,3,9,REDACTED_NAME_643,test643@example.com,486168.3446934019
2237.747320334045,3,1,REDACTED_NAME_644,test644@example.com,337658.84494734387
1504.4803362950731,2,9,REDACTED_NAME_645,test645@example.com,324252.87565778714
2214.18990693865,4,4,REDACTED_NAME_646,test646@example.com,368564.7448641274
1640.8257437090617,2,4,REDACTED_NAME_647,test647@example.com,277241.6100144387
2158.226495866115,4,6,REDACTED_NAME_648,test648@example.com,382619.00589370285
1725.4987437024997,3,7,REDACTED_NAME_649,test649@example.com,331240.3655687725
2373.1780518304668,4,2,REDACTED_NAME_650,test650@example.com,375772.8498866011
2507.760371567067,3,3,REDACTED_NAME_651,test651@example.com,414266.9638604445
2261.027612666975,4,6,REDACTED_NAME_652,test652@example.com,400328.5937156577
1884.4898500115842,2,3,REDACTED_NAME_653,test653@example.com,305466.51608934294
2763.3383507907647,4,9,REDACTED_NAME_654,test654@example.com,498161.35430349066
1469.6810017514254,2,2,REDACTED_NAME_655,test655@example.com,235125.4657771504
2641.38604679316,4,9,REDACTED_NAME_656,test656@example.com,490650.99220272555
1840.4030558809611,3,1,REDACTED_NAME_657,test657@example.com,286619.1405662632
2833.6335193427503,4,7,REDACTED_NAME_658,test658@example.com,500838.5314835601
1834.594967545111,3,6,REDACTED_NAME_659,test659@example.com,336301.5956235394
2049.0829752063196,3,5,REDACTED_NAME_660,test660@example.com,358819.2652663236
1994.862935054332,3,3,REDACTED_NAME_661,test661@example.com,322163.837325411
2591.6390051139874,4,4,REDACTED_NAME_662,test662@example.com,429580.91021747555
1651.091000395975,2,4,REDACTED_NAME_663,test663@example.com,298259.1804037707
1805.0484489610096,2,6,REDACTED_NAME_664,test664@example.com,336448.37963567657
2280.832648542986,4,4,REDACTED_NAME_665,test665@example.com,379082.445499202
2272.001254514933,4,8,REDACTED_NAME_666,test666@example.com,430342.54079617583
2498.2124807954983,4,5,REDACTED_NAME_667,test667@example.com,431109.688601179
2051.1045263593383,3,8,REDACTED_NAME_668,test668@example.com,384126.8532024469
1261.7962944430692,2,8,REDACTED_NAME_669,test669@example.com,265391.30802978715
1712.0185404996573,2,6,REDACTED_NAME_670,test670@example.com,319793.16969075165
1731.187020333135,2,2,REDACTED_NAME_671,test671@example.com,278694.9597428256
2217.2285607735776,3,9,REDACTED_NAME_672,test672@example.com,423868.44324540166
2384.432383292153,3,1,REDACTED_NAME_673,test673@example.com,373374.09171024396
1803.2795432620183,2,3,REDACTED_NAME_674,test674@example.com,301807.4986970084
2263.4794812875325,4,1,REDACTED_NAME_675,test675@example.com,343929.2102192383
2594.9545624087245,5,8,REDACTED_NAME_676,test676@example.com,473877.2764437327
2094.7478477612713,3,9,REDACTED_NAME_677,test677@example.com,417651.04926778836
1590.508698313523,1,9,REDACTED_NAME_678,test678@example.com,334944.5532405261
1703.9074657032825,2,6,REDACTED_NAME_679,test679@example.com,324427.86230493954
1101.7183504899972,1,9,REDACTED_NAME_680,test680@example.com,254683.0772773613
1855.6627660992995,2,8,REDACTED_NAME_681,test681@example.com,354062.7424264367
2069.44380908418,3,6,REDACTED_NAME_682,test682@example.com,371390.1578613074
2194.5444957624436,4,7,REDACTED_NAME_683,test683@example.com,398774.78345999523
2414.7395727878697,4,9,REDACTED_NAME_684,test684@example.com,451873.04847195436
2248.898298356273,3,4,REDACTED_NAME_685,test685@example.com,370597.74164839694
2046.9315975156906,3,6,REDACTED_NAME_686,test686@example.com,372371.81957161
2118.033407470641,3,1,REDACTED_NAME_687,test687@example.com,328261.98903993826
2179.558738422131,3,9,REDACTED_NAME_688,test688@example.com,422387.99168482784
1465.143137469795,2,2,REDACTED_NAME_689,test689@example.com,243400.21985391705
1841.261646086499,3,4,REDACTED_NAME_690,test690@example.com,320350.1833414912
2087.8051406340437,4,4,REDACTED_NAME_691,test691@example.com,345001.90037270193
1444.1732058536797,2,3,REDACTED_NAME_692,test692@example.com,246709.2577067041
2554.1975393073703,4,7,REDACTED_NAME_693,test693@example.com,455229.56091219344
2409.250631650384,4,8,REDACTED_NAME_694,test694@example.com,445527.9643004082
1316.7580408202439,2,5,REDACTED_NAME_695,test695@example.com,259878.36880976125
2280.187353386613,3,1,REDACTED_NAME_696,test696@example.com,349784.1979934156
2639.639452864747,4,4,REDACTED_NAME_697,test697@example.com,428347.6193118175
2422.2663363502456,3,4,REDACTED_NAME_698,test698@example.com,400864.1449927031
2783.5100251324197,5,6,REDACTED_NAME_699,test699@example.com,477614.7503853206
1815.1991207873448,3,8,REDACTED_NAME_700,test700@example.com,350025.374298134
2223.714051463494,4,7,REDACTED_NAME_701,test701@example.com,409894.720326356
2178.9828560624824,4,1,REDACTED_NAME_702,test702@example.com,336924.0710449101
1251.7882712320752,2,9,REDACTED_NAME_703,test703@example.com,283472.74859964004
2325.1518989812525,3,8,REDACTED_NAME_704,test704@example.com,430135.49159464356
2198.3650235303876,4,8,REDACTED_NAME_705,test705@example.com,408116.7648611979
2660.329886625011,4,9,REDACTED_NAME_706,test706@example.com,486709.1717508864
2260.8264190406926,4,7,REDACTED_NAME_707,test707@example.com,415228.3481416147
3044.959027237638,5,6,REDACTED_NAME_708,test708@example.com,524156.7574268538
2197.935566049156,2,7,REDACTED_NAME_709,test709@example.com,401469.8139543044
2183.6527118059857,4,1,REDACTED_NAME_710,test710@example.com,343350.66553776636
2327.54501203533,3,9,REDACTED_NAME_711,test711@example.com,443141.84010725754
2014.2691181510954,2,9,REDACTED_NAME_712,test712@example.com,383572.51739011804
2096.258247989251,3,4,REDACTED_NAME_713,test713@example.com,360542.7100039273
3136.5642477594865,4,4,REDACTED_NAME_714,test714@example.com,512503.04104282643
1684.5839295985838,3,5,REDACTED_NAME_715,test715@example.com,298389.2068761748
2216.9582445231163,4,9,REDACTED_NAME_716,test716@example.com,417610.6008876906
2683.789768174363,4,7,REDACTED_NAME_717,test717@example.com,471623.4278759264
2313.8575484918956,4,7,REDACTED_NAME_718,test718@example.com,421423.55353086785
2412.001974802722,4,1,REDACTED_NAME_719,test719@example.com,367688.35172935086
2229.6245219322414,3,8,REDACTED_NAME_720,test720@example.com,419511.19436344306
2565.165603681821,4,7,REDACTED_NAME_721,test721@example.com,453290.63991429424
3366.548595770647,4,6,REDACTED_NAME_722,test722@example.com,564181.5924344667
1916.7977524381731,3,4,REDACTED_NAME_723,test723@example.com,332572.3535830804
2599.5752662028844,3,5,REDACTED_NAME_724,test724@example.com,439806.3979099378
1710.5410056078508,3,3,REDACTED_NAME_725,test725@example.com,290386.13908997213
2566.374990424056,4,8,REDACTED_NAME_726,test726@example.com,462287.43581931014
2769.0569820158485,3,9,REDACTED_NAME_727,test727@example.com,506562.4735456774
1235.527250234215,2,3,REDACTED_NAME_728,test728@example.com,218393.62305459188
2875.03234356606,3,3,REDACTED_NAME_729,test729@example.com,467939.41828859877
1770.8124946050816,2,5,REDACTED_NAME_730,test730@example.com,318199.30849338754
1906.1352832433377,3,9,REDACTED_NAME_731,test731@example.com,374571.17381478363
1332.3005605930002,1,3,REDACTED_NAME_732,test732@example.com,222774.43698251754
1795.506234169699,3,4,REDACTED_NAME_733,test733@example.com,305331.0809748688
2923.9498052004215,5,8,REDACTED_NAME_734,test734@example.com,512372.8827200678
2201.7301975709056,3,8,REDACTED_NAME_735,test735@example.com,412856.9183802777
2208.358843954042,3,6,REDACTED_NAME_736,test736@example.com,388185.3742420295
2077.993310929065,4,2,REDACTED_NAME_737,test737@example.com,333816.39086992346
1817.260671283624,3,7,REDACTED_NAME_738,test738@example.com,349405.81066783395
2236.3567111410675,3,7,REDACTED_NAME_739,test739@example.com,410163.18356286606
1675.4975512897972,3,5,REDACTED_NAME_740,test740@example.com,296904.9277309206
2265.7809382772184,3,6,REDACTED_NAME_741,test741@example.com,397396.94748668745
2129.8876824853846,3,6,REDACTED_NAME_742,test742@example.com,383271.5800880788
2142.073767197736,3,3,REDACTED_NAME_743,test743@example.com,360305.5845844162
2548.008702860252,4,4,REDACTED_NAME_744,test744@example.com,428192.0259277809
2116.112292455612,3,5,REDACTED_NAME_745,test745@example.com,359926.34703373746
2329.663764795193,4,6,REDACTED_NAME_746,test746@example.com,404363.79769260454
2008.9322445141786,3,5,REDACTED_NAME_747,test747@example.com,349998.78448471444
1656.1253237497206,2,5,REDACTED_NAME_748,test748@example.com,300854.5563770252
2501.6412973115707,4,5,REDACTED_NAME_749,test749@example.com,421422.16945961106
2222.0636090404178,3,6,REDACTED_NAME_750,test750@example.com,394947.0111179209
2274.1107895920277,4,3,REDACTED_NAME_751,test751@example.com,371017.4550484996
2706.5029861099965,4,7,REDACTED_NAME_752,test752@example.com,473306.50598003226
2540.5956106164595,3,2,REDACTED_NAME_753,test753@example.com,408988.1781933686
1549.0795659756575,2,5,REDACTED_NAME_754,test754@example.com,283916.86090732843
1873.9038198034862,3,5,REDACTED_NAME_755,test755@example.com,330289.9039760171
1320.4256360535674,2,5,REDACTED_NAME_756,test756@example.com,249627.04996183023
2471.0334099495562,3,2,REDACTED_NAME_757,test757@example.com,386650.23788386665
1102.5676638041687,1,9,REDACTED_NAME_758,test758@example.com,244249.6796886898
2665.1670213527486,4,4,REDACTED_NAME_759,test759@example.com,437244.8765595405
1661.2838100752128,2,8,REDACTED_NAME_760,test760@example.com,336836.95064429933
1047.462834174437,2,5,REDACTED_NAME_761,test761@example.com,201668.03945541926
2222.6368055494477,4,2,REDACTED_NAME_762,test762@example.com,352272.63927088724
1334.6974327144862,2,7,REDACTED_NAME_763,test763@example.com,258546.51828775436
2533.5284333679874,4,4,REDACTED_NAME_764,test764@example.com,423999.8377899879
3124.8156950615307,4,7,REDACTED_NAME_765,test765@example.com,537899.8432038699
1569.7089660766583,2,1,REDACTED_NAME_766,test766@example.com,243639.98798476483
2360.0836705955176,3,6,REDACTED_NAME_767,test767@example.com,419874.7757592545
2214.9542683689137,3,4,REDACTED_NAME_768,test768@example.com,376566.8576783616
2124.4609133013655,4,7,REDACTED_NAME_769,test769@example.com,388241.1027720695
2726.751683973564,4,7,REDACTED_NAME_770,test770@example.com,488543.5868627459
1995.5520786223542,4,5,REDACTED_NAME_771,test771@example.com,351504.45412555354
1935.792445013068,4,9,REDACTED_NAME_772,test772@example.com,383780.2247891181
1540.807264342942,2,5,REDACTED_NAME_773,test773@example.com,272571.39532133087
2400.070317100649,3,7,REDACTED_NAME_774,test774@example.com,428337.8577333525
2450.8201225930443,4,1,REDACTED_NAME_775,test775@example.com,373900.52688347775
1993.2996634656054,3,6,REDACTED_NAME_776,test776@example.com,366639.40989864303
1014.4222199063202,1,7,REDACTED_NAME_777,test777@example.com,227232.07853507722
736.6722203214024,1,3,REDACTED_NAME_778,test778@example.com,138977.81896751397
2154.9691677897063,2,6,REDACTED_NAME_779,test779@example.com,374043.8256793265
2262.564034973302,4,7,REDACTED_NAME_780,test780@example.com,409658.6905610822
1170.5785133413356,1,1,REDACTED_NAME_781,test781@example.com,181862.02758915976
1930.9574476800683,3,8,REDACTED_NAME_782,test782@example.com,366746.0066048906
2411.49637454851,3,9,REDACTED_NAME_783,test783@example.com,453244.6689650116
1611.0117694625797,2,5,REDACTED_NAME_784,test784@example.com,294281.7468752695
1797.6271003304937,2,2,REDACTED_NAME_785,test785@example.com,283353.61873510876
1817.696074070148,2,8,REDACTED_NAME_786,test786@example.com,353095.4915025559
1492.5075113419744,1,2,REDACTED_NAME_787,test787@example.com,250495.42319890886
1877.4856508085043,3,7,REDACTED_NAME_788,test788@example.com,344050.08845986775
2389.250310273145,4,9,REDACTED_NAME_789,test789@example.com,450500.90119545744
1603.4818355980162,2,3,REDACTED_NAME_790,test790@example.com,266720.3918159644
2180.190967998721,3,8,REDACTED_NAME_791,test791@example.com,411896.9236816497
2540.9016771452198,3,9,REDACTED_NAME_792,test792@example.com,475426.4016332322
2452.853848461991,4,8,REDACTED_NAME_793,test793@example.com,453036.2108969863
2438.9726674147714,3,6,REDACTED_NAME_794,test794@example.com,412387.16492467036
1556.5879548248713,2,2,REDACTED_NAME_795,test795@example.com,251768.63687893498
1956.1330746780454,3,2,REDACTED_NAME_796,test796@example.com,312464.8355081368
2297.4888024116167,4,4,REDACTED_NAME_797,test797@example.com,383800.6540591313
2183.917741440308,3,6,REDACTED_NAME_798,test798@example.com,388841.7200083785
1912.0971562239097,2,6,REDACTED_NAME_799,test799@example.com,349518.94820450264
1481.9485383822234,2,1,REDACTED_NAME_800,test800@example.com,237842.24885679263
1287.1147981364375,2,3,REDACTED_NAME_801,test801@example.com,226328.5488503175
1862.146000229151,2,8,REDACTED_NAME_802,test802@example.com,365367.25861905364
1478.8012825063265,1,2,REDACTED_NAME_803,test803@example.com,249301.81218229886
2354.0373753032572,3,3,REDACTED_NAME_804,test804@example.com,387692.7789649068
2165.8858286402,2,7,REDACTED_NAME_805,test805@example.com,401007.25304524344
2137.58858214522,3,4,REDACTED_NAME_806,test806@example.com,361049.1070302372
1860.2932590582677,2,3,REDACTED_NAME_807,test807@example.com,305295.06508058147
705.2083497616397,1,9,REDACTED_NAME_808,test808@example.com,192300.07027143275
2651.334600334338,4,6,REDACTED_NAME_809,test809@example.com,461906.2456546984
2348.7883485383645,3,1,REDACTED_NAME_810,test810@example.com,362950.8420210737
2952.2351427731255,5,8,REDACTED_NAME_811,test811@example.com,522043.42542436405
1397.1657174708607,2,2,REDACTED_NAME_812,test812@example.com,234808.6388010066
2257.906565421547,3,6,REDACTED_NAME_813,test813@example.com,396900.2216468282
1358.195582289764,1,2,REDACTED_NAME_814,test814@example.com,225400.79383577648
1966.460650958341,4,7,REDACTED_NAME_815,test815@example.com,362950.43199626455
2281.8556981980255,3,1,REDACTED_NAME_816,test816@example.com,345619.45233888575
1583.1916615161074,2,6,REDACTED_NAME_817,test817@example.com,297785.413445049
2038.866245535091,2,4,REDACTED_NAME_818,test818@example.com,348011.7968279891
2352.8500295916097,3,8,REDACTED_NAME_819,test819@example.com,432709.8115290672
2234.3016222100296,4,4,REDACTED_NAME_820,test820@example.com,380187.71538707125
2256.9024993927414,3,4,REDACTED_NAME_821,test821@example.com,384835.1807664341
2391.861555603814,3,1,REDACTED_NAME_822,test822@example.com,370457.3981395939
2088.4187982337676,3,4,REDACTED_NAME_823,test823@example.com,353913.6132452417
2153.5308414581796,3,8,REDACTED_NAME_824,test824@example.com,399181.95686589665
1763.2562121348956,2,4,REDACTED_NAME_825,test825@example.com,298423.6937638348
1538.335233303846,2,1,REDACTED_NAME_826,test826@example.com,242184.91200921696
2524.4925071987554,3,7,REDACTED_NAME_827,test827@example.com,446905.84504378785
2170.433925685587,3,5,REDACTED_NAME_828,test828@example.com,378155.495663139
1921.2198035169645,2,5,REDACTED_NAME_829,test829@example.com,337183.8153887248
1530.0078103341011,2,7,REDACTED_NAME_830,test830@example.com,302731.961785904
3084.1099825148276,5,7,REDACTED_NAME_831,test831@example.com,538765.7798690822
1434.0011238889056,2,5,REDACTED_NAME_832,test832@example.com,265608.44121302007
1482.3293059949438,2,4,REDACTED_NAME_833,test833@example.com,258050.50272486187
1188.0207279705883,3,4,REDACTED_NAME_834,test834@example.com,214296.79520807936
884.1340259474275,1,8,REDACTED_NAME_835,test835@example.com,217137.19892125193
1751.6064475862613,2,9,REDACTED_NAME_836,test836@example.com,354120.94423902757
860.3911865346224,1,1,REDACTED_NAME_837,test837@example.com,130437.90472303402
1208.4619893285412,1,1,REDACTED_NAME_838,test838@example.com,187441.705353995
2298.423714096817,3,9,REDACTED_NAME_839,test839@example.com,430880.4233417883
1389.3844218120603,3,6,REDACTED_NAME_840,test840@example.com,261814.0933740832
1746.4525763551944,2,5,REDACTED_NAME_841,test841@example.com,314355.26262575487
761.7023645093261,1,4,REDACTED_NAME_842,test842@example.com,153785.317141933
2557.3390373618527,3,6,REDACTED_NAME_843,test843@example.com,443871.9780268951
1682.6256322564616,2,9,REDACTED_NAME_844,test844@example.com,336466.51146022417
177.3124155885157,1,7,REDACTED_NAME_845,test845@example.com,98211.78883106957
1541.5587907615973,2,5,REDACTED_NAME_846,test846@example.com,280440.66786467214
2299.9487598138285,4,6,REDACTED_NAME_847,test847@example.com,412472.96678965486
2342.413116044951,3,5,REDACTED_NAME_848,test848@example.com,401136.2305219592
1823.318884505545,3,7,REDACTED_NAME_849,test849@example.com,342387.7239802133
1772.313985330783,3,8,REDACTED_NAME_850,test850@example.com,351624.80189872725
1967.695091782672,3,2,REDACTED_NAME_851,test851@example.com,325685.7811036533
2478.686592531034,3,7,REDACTED_NAME_852,test852@example.com,439667.1300112131
1501.5918090783036,2,2,REDACTED_NAME_853,test853@example.com,246395.99245426143
2144.3306716398374,3,5,REDACTED_NAME_854,test854@example.com,365533.0934437821
1973.1062341427903,2,3,REDACTED_NAME_855,test855@example.com,323420.6609945089
3594.563209092833,5,1,REDACTED_NAME_856,test856@example.com,549600.653997479
1267.986600727359,2,6,REDACTED_NAME_857,test857@example.com,249747.88385950084
1575.667053040732,2,4,REDACTED_NAME_858,test858@example.com,272829.5845379217
2680.835160345804,4,4,REDACTED_NAME_859,test859@example.com,446197.723134923
1988.3620762291075,3,6,REDACTED_NAME_860,test860@example.com,351707.38231528987
1303.9263291034035,2,9,REDACTED_NAME_861,test861@example.com,280227.00457998173
2130.6716312240815,3,5,REDACTED_NAME_862,test862@example.com,377916.47158752714
1590.119755565389,3,6,REDACTED_NAME_863,test863@example.com,293361.34307927045
1486.6825262293487,2,4,REDACTED_NAME_864,test864@example.com,265767.8479967346
2628.7012933292294,4,5,REDACTED_NAME_865,test865@example.com,443718.45984323556
1888.274983135201,1,2,REDACTED_NAME_866,test866@example.com,306598.5498353042
2667.3100753164154,4,3,REDACTED_NAME_867,test867@example.com,431123.9757338487
2140.125234772725,4,6,REDACTED_NAME_868,test868@example.com,378250.5742259393
2118.495499648499,2,8,REDACTED_NAME_869,test869@example.com,391907.5552616569
1831.1994953295482,3,5,REDACTED_NAME_870,test870@example.com,331937.9216169489
1612.7356117264108,3,8,REDACTED_NAME_871,test871@example.com,323761.19624827564
2421.7942129124012,3,3,REDACTED_NAME_872,test872@example.com,395243.0175450724
2399.9948180354795,3,9,REDACTED_NAME_873,test873@example.com,443638.6097473991
2687.5529948603166,4,2,REDACTED_NAME_874,test874@example.com,425809.61407202174
2483.855396905057,4,5,REDACTED_NAME_875,test875@example.com,422947.9957795762
120.06297800170546,1,6,REDACTED_NAME_876,test876@example.com,74077.70654797993
1816.659959334713,2,3,REDACTED_NAME_877,test877@example.com,301145.35834086913
2148.113499901706,3,6,REDACTED_NAME_878,test878@example.com,377200.83759483625
1779.8070946826765,2,1,REDACTED_NAME_879,test879@example.com,281273.7188095777
2720.756548560253,4,3,REDACTED_NAME_880,test880@example.com,441460.7171645263
2281.609204988033,3,5,REDACTED_NAME_881,test881@example.com,387363.3762929594
2649.476181798244,4,8,REDACTED_NAME_882,test882@example.com,470673.89625154546
2191.511152330633,3,5,REDACTED_NAME_883,test883@example.com,375384.7531043103
1921.6945458090431,2,8,REDACTED_NAME_884,test884@example.com,366681.2112517745
1776.391404848812,3,3,REDACTED_NAME_885,test885@example.com,292442.74229573517
2036.4062499469221,3,2,REDACTED_NAME_886,test886@example.com,330290.4036776791
2085.9511260870695,4,2,REDACTED_NAME_887,test887@example.com,338368.5031981484
2183.044168390175,4,9,REDACTED_NAME_888,test888@example.com,416310.20602299913
1368.5772173822752,2,4,REDACTED_NAME_889,test889@example.com,243173.32029330335
2375.9192943998805,3,3,REDACTED_NAME_890,test890@example.com,386055.3179214556
2772.929144433752,4,3,REDACTED_NAME_891,test891@example.com,452880.1100196085
2137.5522289521814,2,5,REDACTED_NAME_892,test892@example.com,366184.78673480573
2137.4377339624207,3,5,REDACTED_NAME_893,test893@example.com,365915.2448002265
1769.2026543660604,2,3,REDACTED_NAME_894,test894@example.com,290254.0798353857
866.3483281987321,1,3,REDACTED_NAME_895,test895@example.com,158780.20322232033
1685.7277906600127,2,8,REDACTED_NAME_896,test896@example.com,328566.55827088305
1282.4300829754948,2,7,REDACTED_NAME_897,test897@example.com,266176.708560571
2337.4425769880963,4,4,REDACTED_NAME_898,test898@example.com,381928.5027228392
1373.3724365144362,3,3,REDACTED_NAME_899,test899@example.com,242339.10159112292
1583.891514291956,2,7,REDACTED_NAME_900,test900@example.com,305638.25198116765
2114.172275471273,3,7,REDACTED_NAME_901,test901@example.com,384900.0859841255
2072.3100707949784,3,9,REDACTED_NAME_902,test902@example.com,400332.6998767125
1952.8723496102205,2,9,REDACTED_NAME_903,test903@example.com,380954.6973021506
2612.052078596693,3,7,REDACTED_NAME_904,test904@example.com,459411.98245688295
1587.7525274665825,3,8,REDACTED_NAME_905,test905@example.com,322904.70280348795
2315.3149933353952,4,6,REDACTED_NAME_906,test906@example.com,403714.62869097025
2245.6790033701063,3,9,REDACTED_NAME_907,test907@example.com,420328.9601954073
2003.4348486795918,3,3,REDACTED_NAME_908,test908@example.com,323746.58607795497
2517.242698518315,3,4,REDACTED_NAME_909,test909@example.com,417856.5656722501
2054.3544046561783,3,6,REDACTED_NAME_910,test910@example.com,374849.9406154846
2894.460126924212,5,7,REDACTED_NAME_911,test911@example.com,498445.90526983584
1717.7870520290428,2,6,REDACTED_NAME_912,test912@example.com,317904.1867475536
1753.4790698926006,3,6,REDACTED_NAME_913,test913@example.com,315988.96880686167
1311.6389913104408,2,4,REDACTED_NAME_914,test914@example.com,242996.31545836592
2658.7934336325948,3,9,REDACTED_NAME_915,test915@example.com,489078.8019810703
2052.6418210463403,2,5,REDACTED_NAME_916,test916@example.com,364719.45979258866
2213.7810539205902,3,6,REDACTED_NAME_917,test917@example.com,389936.5916789731
1580.8626325400655,2,5,REDACTED_NAME_918,test918@example.com,294454.92793589877
1610.1677425555113,2,4,REDACTED_NAME_919,test919@example.com,288126.83791548514
1993.940113021464,4,6,REDACTED_NAME_920,test920@example.com,359642.24956962344
1824.5022702547801,4,7,REDACTED_NAME_921,test921@example.com,349421.21612622717
1388.0367152428762,3,8,REDACTED_NAME_922,test922@example.com,294135.5181014812
1612.0054908057718,2,2,REDACTED_NAME_923,test923@example.com,253410.75766443598
3293.146720996703,5,4,REDACTED_NAME_924,test924@example.com,534279.0081225104
1775.9997983248818,3,2,REDACTED_NAME_925,test925@example.com,286555.9370724195
1884.3123084487984,2,5,REDACTED_NAME_926,test926@example.com,331834.01747997844
2155.100686258429,3,7,REDACTED_NAME_927,test927@example.com,390364.91929000657
2066.965053086816,3,7,REDACTED_NAME_928,test928@example.com,377569.4309572542
2312.182456219559,4,2,REDACTED_NAME_929,test929@example.com,360797.941658739
2434.779510447886,4,6,REDACTED_NAME_930,test930@example.com,416405.02600557165
1692.8875723832425,2,6,REDACTED_NAME_931,test931@example.com,311301.6155014161
1579.1106258197847,2,2,REDACTED_NAME_932,test932@example.com,254759.5076946867
2064.9130185072745,3,7,REDACTED_NAME_933,test933@example.com,381897.8180908519
1631.6075508061613,2,4,REDACTED_NAME_934,test934@example.com,283457.4652686234
1969.6802664501313,3,8,REDACTED_NAME_935,test935@example.com,376805.7797648486
1719.332898578828,3,6,REDACTED_NAME_936,test936@example.com,319443.358931329
3034.9384216824483,5,6,REDACTED_NAME_937,test937@example.com,506073.85120651184
2791.105524632492,4,8,REDACTED_NAME_938,test938@example.com,494944.1916514706
1588.0807508667106,2,1,REDACTED_NAME_939,test939@example.com,253754.33515203267
2279.2027952330254,4,5,REDACTED_NAME_940,test940@example.com,392784.9559474455
2160.3215928503632,3,7,REDACTED_NAME_941,test941@example.com,389595.20983921556
1692.321043882137,2,1,REDACTED_NAME_942,test942@example.com,270430.30536487635
2602.180868641854,4,6,REDACTED_NAME_943,test943@example.com,453647.7296644751
2012.3933087751668,3,9,REDACTED_NAME_944,test944@example.com,396259.02646654134
1180.6891341097166,2,7,REDACTED_NAME_945,test945@example.com,252154.05193362603
2040.9056593885089,2,4,REDACTED_NAME_946,test946@example.com,350465.071029786
1940.6225638602555,3,8,REDACTED_NAME_947,test947@example.com,369062.9868187519
1985.3420621793105,3,8,REDACTED_NAME_948,test948@example.com,380590.81992052146
3448.5208125513745,5,8,REDACTED_NAME_949,test949@example.com,594263.1134380556
1844.602529511495,3,1,REDACTED_NAME_950,test950@example.com,286285.5599623131
1629.6159480061106,3,3,REDACTED_NAME_951,test951@example.com,284256.213874857
2218.162710598764,4,3,REDACTED_NAME_952,test952@example.com,367358.8329647246
3879.756520058787,5,7,REDACTED_NAME_953,test953@example.com,648434.4444950965
2622.810036910467,3,7,REDACTED_NAME_954,test954@example.com,466213.67419712374
2680.3650946822645,4,1,REDACTED_NAME_955,test955@example.com,407071.41163658304
1707.2128062069344,3,8,REDACTED_NAME_956,test956@example.com,336514.35678660026
1660.3753302574896,2,2,REDACTED_NAME_957,test957@example.com,266928.9387012946
2052.541615920557,2,2,REDACTED_NAME_958,test958@example.com,329832.9710489425
1863.4255648996343,3,6,REDACTED_NAME_959,test959@example.com,342922.92756583646
2158.3143326392506,3,2,REDACTED_NAME_960,test960@example.com,341592.51605051203
2720.7044637864146,4,9,REDACTED_NAME_961,test961@example.com,498225.54065785353
2377.296877687811,3,2,REDACTED_NAME_962,test962@example.com,380878.29053675476
2709.27888639315,5,8,REDACTED_NAME_963,test963@example.com,484599.133737473
1901.5734795857456,3,9,REDACTED_NAME_964,test964@example.com,366312.5790205516
1770.478204849594,3,7,REDACTED_NAME_965,test965@example.com,333943.85987617524
1811.8635277742235,3,3,REDACTED_NAME_966,test966@example.com,302725.7653549033
2408.3193728325723,4,7,REDACTED_NAME_967,test967@example.com,431225.69679299905
719.7368615932007,1,3,REDACTED_NAME_968,test968@example.com,140279.58889647256
2553.5605360438317,3,3,REDACTED_NAME_969,test969@example.com,408430.70401482703
1753.0830553905228,2,1,REDACTED_NAME_970,test970@example.com,272748.00195464987
1844.8560238416064,2,2,REDACTED_NAME_971,test971@example.com,298736.80363245384
1655.2648722576491,2,6,REDACTED_NAME_972,test972@example.com,312647.4253830879
1574.3595956321665,2,5,REDACTED_NAME_973,test973@example.com,291258.052320996
2580.252923412065,4,8,REDACTED_NAME_974,test974@example.com,471613.42556659045
2436.0832519923893,4,4,REDACTED_NAME_975,test975@example.com,408492.85923967394
1921.4113954775419,2,9,REDACTED_NAME_976,test976@example.com,372180.0768966264
2652.804212735462,5,2,REDACTED_NAME_977,test977@example.com,420115.2223746814
2042.1905866465875,3,2,REDACTED_NAME_978,test978@example.com,331060.9883675223
2204.387477536317,2,2,REDACTED_NAME_979,test979@example.com,359190.03481661965
1715.571731047004,2,1,REDACTED_NAME_980,test980@example.com,271030.302330544
1787.0728717678373,3,2,REDACTED_NAME_981,test981@example.com,285292.1577050829
2399.770774839587,4,7,REDACTED_NAME_982,test982@example.com,429525.61680185975
1878.7021990426283,3,1,REDACTED_NAME_983,test983@example.com,296731.1541480238
2940.1856408017056,4,3,REDACTED_NAME_984,test984@example.com,473532.26797139924
1428.7470313573615,1,4,REDACTED_NAME_985,test985@example.com,253091.6332104535
2160.155904225762,3,2,REDACTED_NAME_986,test986@example.com,347012.9860424556
1415.2664815607422,2,2,REDACTED_NAME_987,test987@example.com,228744.15455425635
2221.972270296707,3,4,REDACTED_NAME_988,test988@example.com,371041.929034927
1605.106927898926,2,4,REDACTED_NAME_989,test989@example.com,280489.7354988178
1706.0929329767587,2,2,REDACTED_NAME_990,test990@example.com,268573.957885819
3186.220628858089,5,7,REDACTED_NAME_991,test991@example.com,538848.4059576427
1451.8578893198555,3,7,REDACTED_NAME_992,test992@example.com,284200.29792086803
705.310251426996,1,5,REDACTED_NAME_993,test993@example.com,162511.9646153088
2569.6128031421667,4,8,REDACTED_NAME_994,test994@example.com,465193.33227799565
2357.6088624432728,4,8,REDACTED_NAME_995,test995@example.com,430542.82609094045
1947.1956699762095,2,4,REDACTED_NAME_996,test996@example.com,322823.718133196
2088.223271901898,4,1,REDACTED_NAME_997,test997@example.com,331239.95843829244
2004.6937979399124,2,3,REDACTED_NAME_998,test998@example.com,340555.5278991889
1180.5901640407174,2,8,REDACTED_NAME_999,test999@example.com,252602.66554466073
